,model,filename,download_url,opendap_url,r,i,p,f,Varient,period,Var,timeStep,openDapWorking
0,UKESM1-0-LL,hurs_day_UKESM1-0-LL_piControl_r1i1p1f2_gn_19600101-20491230.nc,https://esgf.ceda.ac.uk/thredds/fileServer/esg_cmip6/CMIP6/CMIP/MOHC/UKESM1-0-LL/piControl/r1i1p1f2/day/hurs/gn/v20190827/hurs_day_UKESM1-0-LL_piControl_r1i1p1f2_gn_19600101-20491230.nc,https://esgf.ceda.ac.uk/thredds/dodsC/esg_cmip6/CMIP6/CMIP/MOHC/UKESM1-0-LL/piControl/r1i1p1f2/day/hurs/gn/v20190827/hurs_day_UKESM1-0-LL_piControl_r1i1p1f2_gn_19600101-20491230.nc,1,1,1,2,r1i1p1f2,piControl,hurs,day,True
1,UKESM1-0-LL,hurs_day_UKESM1-0-LL_piControl_r1i1p1f2_gn_20500101-21491230.nc,https://esgf.ceda.ac.uk/thredds/fileServer/esg_cmip6/CMIP6/CMIP/MOHC/UKESM1-0-LL/piControl/r1i1p1f2/day/hurs/gn/v20190827/hurs_day_UKESM1-0-LL_piControl_r1i1p1f2_gn_20500101-21491230.nc,https://esgf.ceda.ac.uk/thredds/dodsC/esg_cmip6/CMIP6/CMIP/MOHC/UKESM1-0-LL/piControl/r1i1p1f2/day/hurs/gn/v20190827/hurs_day_UKESM1-0-LL_piControl_r1i1p1f2_gn_20500101-21491230.nc,1,1,1,2,r1i1p1f2,piControl,hurs,day,True
2,UKESM1-0-LL,hurs_day_UKESM1-0-LL_piControl_r1i1p1f2_gn_21500101-22491230.nc,https://esgf.ceda.ac.uk/thredds/fileServer/esg_cmip6/CMIP6/CMIP/MOHC/UKESM1-0-LL/piControl/r1i1p1f2/day/hurs/gn/v20190827/hurs_day_UKESM1-0-LL_piControl_r1i1p1f2_gn_21500101-22491230.nc,https://esgf.ceda.ac.uk/thredds/dodsC/esg_cmip6/CMIP6/CMIP/MOHC/UKESM1-0-LL/piControl/r1i1p1f2/day/hurs/gn/v20190827/hurs_day_UKESM1-0-LL_piControl_r1i1p1f2_gn_21500101-22491230.nc,1,1,1,2,r1i1p1f2,piControl,hurs,day,True
3,UKESM1-0-LL,hurs_day_UKESM1-0-LL_piControl_r1i1p1f2_gn_22500101-23491230.nc,https://esgf.ceda.ac.uk/thredds/fileServer/esg_cmip6/CMIP6/CMIP/MOHC/UKESM1-0-LL/piControl/r1i1p1f2/day/hurs/gn/v20190827/hurs_day_UKESM1-0-LL_piControl_r1i1p1f2_gn_22500101-23491230.nc,https://esgf.ceda.ac.uk/thredds/dodsC/esg_cmip6/CMIP6/CMIP/MOHC/UKESM1-0-LL/piControl/r1i1p1f2/day/hurs/gn/v20190827/hurs_day_UKESM1-0-LL_piControl_r1i1p1f2_gn_22500101-23491230.nc,1,1,1,2,r1i1p1f2,piControl,hurs,day,True
4,UKESM1-0-LL,hurs_day_UKESM1-0-LL_piControl_r1i1p1f2_gn_23500101-24491230.nc,https://esgf.ceda.ac.uk/thredds/fileServer/esg_cmip6/CMIP6/CMIP/MOHC/UKESM1-0-LL/piControl/r1i1p1f2/day/hurs/gn/v20190827/hurs_day_UKESM1-0-LL_piControl_r1i1p1f2_gn_23500101-24491230.nc,https://esgf.ceda.ac.uk/thredds/dodsC/esg_cmip6/CMIP6/CMIP/MOHC/UKESM1-0-LL/piControl/r1i1p1f2/day/hurs/gn/v20190827/hurs_day_UKESM1-0-LL_piControl_r1i1p1f2_gn_23500101-24491230.nc,1,1,1,2,r1i1p1f2,piControl,hurs,day,True
5,UKESM1-0-LL,hurs_day_UKESM1-0-LL_piControl_r1i1p1f2_gn_24500101-25491230.nc,https://esgf.ceda.ac.uk/thredds/fileServer/esg_cmip6/CMIP6/CMIP/MOHC/UKESM1-0-LL/piControl/r1i1p1f2/day/hurs/gn/v20190827/hurs_day_UKESM1-0-LL_piControl_r1i1p1f2_gn_24500101-25491230.nc,https://esgf.ceda.ac.uk/thredds/dodsC/esg_cmip6/CMIP6/CMIP/MOHC/UKESM1-0-LL/piControl/r1i1p1f2/day/hurs/gn/v20190827/hurs_day_UKESM1-0-LL_piControl_r1i1p1f2_gn_24500101-25491230.nc,1,1,1,2,r1i1p1f2,piControl,hurs,day,True
6,UKESM1-0-LL,hurs_day_UKESM1-0-LL_piControl_r1i1p1f2_gn_25500101-26491230.nc,https://esgf.ceda.ac.uk/thredds/fileServer/esg_cmip6/CMIP6/CMIP/MOHC/UKESM1-0-LL/piControl/r1i1p1f2/day/hurs/gn/v20190827/hurs_day_UKESM1-0-LL_piControl_r1i1p1f2_gn_25500101-26491230.nc,https://esgf.ceda.ac.uk/thredds/dodsC/esg_cmip6/CMIP6/CMIP/MOHC/UKESM1-0-LL/piControl/r1i1p1f2/day/hurs/gn/v20190827/hurs_day_UKESM1-0-LL_piControl_r1i1p1f2_gn_25500101-26491230.nc,1,1,1,2,r1i1p1f2,piControl,hurs,day,True
7,UKESM1-0-LL,hurs_day_UKESM1-0-LL_piControl_r1i1p1f2_gn_26500101-27491230.nc,https://esgf.ceda.ac.uk/thredds/fileServer/esg_cmip6/CMIP6/CMIP/MOHC/UKESM1-0-LL/piControl/r1i1p1f2/day/hurs/gn/v20190827/hurs_day_UKESM1-0-LL_piControl_r1i1p1f2_gn_26500101-27491230.nc,https://esgf.ceda.ac.uk/thredds/dodsC/esg_cmip6/CMIP6/CMIP/MOHC/UKESM1-0-LL/piControl/r1i1p1f2/day/hurs/gn/v20190827/hurs_day_UKESM1-0-LL_piControl_r1i1p1f2_gn_26500101-27491230.nc,1,1,1,2,r1i1p1f2,piControl,hurs,day,True
8,UKESM1-0-LL,hurs_day_UKESM1-0-LL_piControl_r1i1p1f2_gn_27500101-28491230.nc,https://esgf.ceda.ac.uk/thredds/fileServer/esg_cmip6/CMIP6/CMIP/MOHC/UKESM1-0-LL/piControl/r1i1p1f2/day/hurs/gn/v20190827/hurs_day_UKESM1-0-LL_piControl_r1i1p1f2_gn_27500101-28491230.nc,https://esgf.ceda.ac.uk/thredds/dodsC/esg_cmip6/CMIP6/CMIP/MOHC/UKESM1-0-LL/piControl/r1i1p1f2/day/hurs/gn/v20190827/hurs_day_UKESM1-0-LL_piControl_r1i1p1f2_gn_27500101-28491230.nc,1,1,1,2,r1i1p1f2,piControl,hurs,day,True
9,UKESM1-0-LL,hurs_day_UKESM1-0-LL_piControl_r1i1p1f2_gn_28500101-29491230.nc,https://esgf.ceda.ac.uk/thredds/fileServer/esg_cmip6/CMIP6/CMIP/MOHC/UKESM1-0-LL/piControl/r1i1p1f2/day/hurs/gn/v20190827/hurs_day_UKESM1-0-LL_piControl_r1i1p1f2_gn_28500101-29491230.nc,https://esgf.ceda.ac.uk/thredds/dodsC/esg_cmip6/CMIP6/CMIP/MOHC/UKESM1-0-LL/piControl/r1i1p1f2/day/hurs/gn/v20190827/hurs_day_UKESM1-0-LL_piControl_r1i1p1f2_gn_28500101-29491230.nc,1,1,1,2,r1i1p1f2,piControl,hurs,day,True
10,UKESM1-0-LL,hurs_day_UKESM1-0-LL_piControl_r1i1p1f2_gn_29500101-30491230.nc,https://esgf.ceda.ac.uk/thredds/fileServer/esg_cmip6/CMIP6/CMIP/MOHC/UKESM1-0-LL/piControl/r1i1p1f2/day/hurs/gn/v20190827/hurs_day_UKESM1-0-LL_piControl_r1i1p1f2_gn_29500101-30491230.nc,https://esgf.ceda.ac.uk/thredds/dodsC/esg_cmip6/CMIP6/CMIP/MOHC/UKESM1-0-LL/piControl/r1i1p1f2/day/hurs/gn/v20190827/hurs_day_UKESM1-0-LL_piControl_r1i1p1f2_gn_29500101-30491230.nc,1,1,1,2,r1i1p1f2,piControl,hurs,day,True
11,UKESM1-0-LL,hurs_day_UKESM1-0-LL_piControl_r1i1p1f2_gn_30500101-30591230.nc,https://esgf.ceda.ac.uk/thredds/fileServer/esg_cmip6/CMIP6/CMIP/MOHC/UKESM1-0-LL/piControl/r1i1p1f2/day/hurs/gn/v20190827/hurs_day_UKESM1-0-LL_piControl_r1i1p1f2_gn_30500101-30591230.nc,https://esgf.ceda.ac.uk/thredds/dodsC/esg_cmip6/CMIP6/CMIP/MOHC/UKESM1-0-LL/piControl/r1i1p1f2/day/hurs/gn/v20190827/hurs_day_UKESM1-0-LL_piControl_r1i1p1f2_gn_30500101-30591230.nc,1,1,1,2,r1i1p1f2,piControl,hurs,day,True
12,UKESM1-0-LL,huss_day_UKESM1-0-LL_piControl_r1i1p1f2_gn_19600101-20491230.nc,https://esgf.ceda.ac.uk/thredds/fileServer/esg_cmip6/CMIP6/CMIP/MOHC/UKESM1-0-LL/piControl/r1i1p1f2/day/huss/gn/v20190827/huss_day_UKESM1-0-LL_piControl_r1i1p1f2_gn_19600101-20491230.nc,https://esgf.ceda.ac.uk/thredds/dodsC/esg_cmip6/CMIP6/CMIP/MOHC/UKESM1-0-LL/piControl/r1i1p1f2/day/huss/gn/v20190827/huss_day_UKESM1-0-LL_piControl_r1i1p1f2_gn_19600101-20491230.nc,1,1,1,2,r1i1p1f2,piControl,huss,day,True
13,UKESM1-0-LL,huss_day_UKESM1-0-LL_piControl_r1i1p1f2_gn_20500101-21491230.nc,https://esgf.ceda.ac.uk/thredds/fileServer/esg_cmip6/CMIP6/CMIP/MOHC/UKESM1-0-LL/piControl/r1i1p1f2/day/huss/gn/v20190827/huss_day_UKESM1-0-LL_piControl_r1i1p1f2_gn_20500101-21491230.nc,https://esgf.ceda.ac.uk/thredds/dodsC/esg_cmip6/CMIP6/CMIP/MOHC/UKESM1-0-LL/piControl/r1i1p1f2/day/huss/gn/v20190827/huss_day_UKESM1-0-LL_piControl_r1i1p1f2_gn_20500101-21491230.nc,1,1,1,2,r1i1p1f2,piControl,huss,day,True
14,UKESM1-0-LL,huss_day_UKESM1-0-LL_piControl_r1i1p1f2_gn_21500101-22491230.nc,https://esgf.ceda.ac.uk/thredds/fileServer/esg_cmip6/CMIP6/CMIP/MOHC/UKESM1-0-LL/piControl/r1i1p1f2/day/huss/gn/v20190827/huss_day_UKESM1-0-LL_piControl_r1i1p1f2_gn_21500101-22491230.nc,https://esgf.ceda.ac.uk/thredds/dodsC/esg_cmip6/CMIP6/CMIP/MOHC/UKESM1-0-LL/piControl/r1i1p1f2/day/huss/gn/v20190827/huss_day_UKESM1-0-LL_piControl_r1i1p1f2_gn_21500101-22491230.nc,1,1,1,2,r1i1p1f2,piControl,huss,day,True
15,UKESM1-0-LL,huss_day_UKESM1-0-LL_piControl_r1i1p1f2_gn_22500101-23491230.nc,https://esgf.ceda.ac.uk/thredds/fileServer/esg_cmip6/CMIP6/CMIP/MOHC/UKESM1-0-LL/piControl/r1i1p1f2/day/huss/gn/v20190827/huss_day_UKESM1-0-LL_piControl_r1i1p1f2_gn_22500101-23491230.nc,https://esgf.ceda.ac.uk/thredds/dodsC/esg_cmip6/CMIP6/CMIP/MOHC/UKESM1-0-LL/piControl/r1i1p1f2/day/huss/gn/v20190827/huss_day_UKESM1-0-LL_piControl_r1i1p1f2_gn_22500101-23491230.nc,1,1,1,2,r1i1p1f2,piControl,huss,day,True
16,UKESM1-0-LL,huss_day_UKESM1-0-LL_piControl_r1i1p1f2_gn_23500101-24491230.nc,https://esgf.ceda.ac.uk/thredds/fileServer/esg_cmip6/CMIP6/CMIP/MOHC/UKESM1-0-LL/piControl/r1i1p1f2/day/huss/gn/v20190827/huss_day_UKESM1-0-LL_piControl_r1i1p1f2_gn_23500101-24491230.nc,https://esgf.ceda.ac.uk/thredds/dodsC/esg_cmip6/CMIP6/CMIP/MOHC/UKESM1-0-LL/piControl/r1i1p1f2/day/huss/gn/v20190827/huss_day_UKESM1-0-LL_piControl_r1i1p1f2_gn_23500101-24491230.nc,1,1,1,2,r1i1p1f2,piControl,huss,day,True
17,UKESM1-0-LL,huss_day_UKESM1-0-LL_piControl_r1i1p1f2_gn_24500101-25491230.nc,https://esgf.ceda.ac.uk/thredds/fileServer/esg_cmip6/CMIP6/CMIP/MOHC/UKESM1-0-LL/piControl/r1i1p1f2/day/huss/gn/v20190827/huss_day_UKESM1-0-LL_piControl_r1i1p1f2_gn_24500101-25491230.nc,https://esgf.ceda.ac.uk/thredds/dodsC/esg_cmip6/CMIP6/CMIP/MOHC/UKESM1-0-LL/piControl/r1i1p1f2/day/huss/gn/v20190827/huss_day_UKESM1-0-LL_piControl_r1i1p1f2_gn_24500101-25491230.nc,1,1,1,2,r1i1p1f2,piControl,huss,day,True
18,UKESM1-0-LL,huss_day_UKESM1-0-LL_piControl_r1i1p1f2_gn_25500101-26491230.nc,https://esgf.ceda.ac.uk/thredds/fileServer/esg_cmip6/CMIP6/CMIP/MOHC/UKESM1-0-LL/piControl/r1i1p1f2/day/huss/gn/v20190827/huss_day_UKESM1-0-LL_piControl_r1i1p1f2_gn_25500101-26491230.nc,https://esgf.ceda.ac.uk/thredds/dodsC/esg_cmip6/CMIP6/CMIP/MOHC/UKESM1-0-LL/piControl/r1i1p1f2/day/huss/gn/v20190827/huss_day_UKESM1-0-LL_piControl_r1i1p1f2_gn_25500101-26491230.nc,1,1,1,2,r1i1p1f2,piControl,huss,day,True
19,UKESM1-0-LL,huss_day_UKESM1-0-LL_piControl_r1i1p1f2_gn_26500101-27491230.nc,https://esgf.ceda.ac.uk/thredds/fileServer/esg_cmip6/CMIP6/CMIP/MOHC/UKESM1-0-LL/piControl/r1i1p1f2/day/huss/gn/v20190827/huss_day_UKESM1-0-LL_piControl_r1i1p1f2_gn_26500101-27491230.nc,https://esgf.ceda.ac.uk/thredds/dodsC/esg_cmip6/CMIP6/CMIP/MOHC/UKESM1-0-LL/piControl/r1i1p1f2/day/huss/gn/v20190827/huss_day_UKESM1-0-LL_piControl_r1i1p1f2_gn_26500101-27491230.nc,1,1,1,2,r1i1p1f2,piControl,huss,day,True
20,UKESM1-0-LL,huss_day_UKESM1-0-LL_piControl_r1i1p1f2_gn_27500101-28491230.nc,https://esgf.ceda.ac.uk/thredds/fileServer/esg_cmip6/CMIP6/CMIP/MOHC/UKESM1-0-LL/piControl/r1i1p1f2/day/huss/gn/v20190827/huss_day_UKESM1-0-LL_piControl_r1i1p1f2_gn_27500101-28491230.nc,https://esgf.ceda.ac.uk/thredds/dodsC/esg_cmip6/CMIP6/CMIP/MOHC/UKESM1-0-LL/piControl/r1i1p1f2/day/huss/gn/v20190827/huss_day_UKESM1-0-LL_piControl_r1i1p1f2_gn_27500101-28491230.nc,1,1,1,2,r1i1p1f2,piControl,huss,day,True
21,UKESM1-0-LL,huss_day_UKESM1-0-LL_piControl_r1i1p1f2_gn_28500101-29491230.nc,https://esgf.ceda.ac.uk/thredds/fileServer/esg_cmip6/CMIP6/CMIP/MOHC/UKESM1-0-LL/piControl/r1i1p1f2/day/huss/gn/v20190827/huss_day_UKESM1-0-LL_piControl_r1i1p1f2_gn_28500101-29491230.nc,https://esgf.ceda.ac.uk/thredds/dodsC/esg_cmip6/CMIP6/CMIP/MOHC/UKESM1-0-LL/piControl/r1i1p1f2/day/huss/gn/v20190827/huss_day_UKESM1-0-LL_piControl_r1i1p1f2_gn_28500101-29491230.nc,1,1,1,2,r1i1p1f2,piControl,huss,day,True
22,UKESM1-0-LL,huss_day_UKESM1-0-LL_piControl_r1i1p1f2_gn_29500101-30491230.nc,https://esgf.ceda.ac.uk/thredds/fileServer/esg_cmip6/CMIP6/CMIP/MOHC/UKESM1-0-LL/piControl/r1i1p1f2/day/huss/gn/v20190827/huss_day_UKESM1-0-LL_piControl_r1i1p1f2_gn_29500101-30491230.nc,https://esgf.ceda.ac.uk/thredds/dodsC/esg_cmip6/CMIP6/CMIP/MOHC/UKESM1-0-LL/piControl/r1i1p1f2/day/huss/gn/v20190827/huss_day_UKESM1-0-LL_piControl_r1i1p1f2_gn_29500101-30491230.nc,1,1,1,2,r1i1p1f2,piControl,huss,day,True
23,UKESM1-0-LL,huss_day_UKESM1-0-LL_piControl_r1i1p1f2_gn_30500101-30591230.nc,https://esgf.ceda.ac.uk/thredds/fileServer/esg_cmip6/CMIP6/CMIP/MOHC/UKESM1-0-LL/piControl/r1i1p1f2/day/huss/gn/v20190827/huss_day_UKESM1-0-LL_piControl_r1i1p1f2_gn_30500101-30591230.nc,https://esgf.ceda.ac.uk/thredds/dodsC/esg_cmip6/CMIP6/CMIP/MOHC/UKESM1-0-LL/piControl/r1i1p1f2/day/huss/gn/v20190827/huss_day_UKESM1-0-LL_piControl_r1i1p1f2_gn_30500101-30591230.nc,1,1,1,2,r1i1p1f2,piControl,huss,day,True
24,UKESM1-0-LL,tas_day_UKESM1-0-LL_piControl_r1i1p1f2_gn_19600101-20491230.nc,https://esgf.ceda.ac.uk/thredds/fileServer/esg_cmip6/CMIP6/CMIP/MOHC/UKESM1-0-LL/piControl/r1i1p1f2/day/tas/gn/v20191008/tas_day_UKESM1-0-LL_piControl_r1i1p1f2_gn_19600101-20491230.nc,https://esgf.ceda.ac.uk/thredds/dodsC/esg_cmip6/CMIP6/CMIP/MOHC/UKESM1-0-LL/piControl/r1i1p1f2/day/tas/gn/v20191008/tas_day_UKESM1-0-LL_piControl_r1i1p1f2_gn_19600101-20491230.nc,1,1,1,2,r1i1p1f2,piControl,tas,day,True
25,UKESM1-0-LL,tas_day_UKESM1-0-LL_piControl_r1i1p1f2_gn_20500101-21491230.nc,https://esgf.ceda.ac.uk/thredds/fileServer/esg_cmip6/CMIP6/CMIP/MOHC/UKESM1-0-LL/piControl/r1i1p1f2/day/tas/gn/v20191008/tas_day_UKESM1-0-LL_piControl_r1i1p1f2_gn_20500101-21491230.nc,https://esgf.ceda.ac.uk/thredds/dodsC/esg_cmip6/CMIP6/CMIP/MOHC/UKESM1-0-LL/piControl/r1i1p1f2/day/tas/gn/v20191008/tas_day_UKESM1-0-LL_piControl_r1i1p1f2_gn_20500101-21491230.nc,1,1,1,2,r1i1p1f2,piControl,tas,day,True
26,UKESM1-0-LL,tas_day_UKESM1-0-LL_piControl_r1i1p1f2_gn_21500101-22491230.nc,https://esgf.ceda.ac.uk/thredds/fileServer/esg_cmip6/CMIP6/CMIP/MOHC/UKESM1-0-LL/piControl/r1i1p1f2/day/tas/gn/v20191008/tas_day_UKESM1-0-LL_piControl_r1i1p1f2_gn_21500101-22491230.nc,https://esgf.ceda.ac.uk/thredds/dodsC/esg_cmip6/CMIP6/CMIP/MOHC/UKESM1-0-LL/piControl/r1i1p1f2/day/tas/gn/v20191008/tas_day_UKESM1-0-LL_piControl_r1i1p1f2_gn_21500101-22491230.nc,1,1,1,2,r1i1p1f2,piControl,tas,day,True
27,UKESM1-0-LL,tas_day_UKESM1-0-LL_piControl_r1i1p1f2_gn_22500101-23491230.nc,https://esgf.ceda.ac.uk/thredds/fileServer/esg_cmip6/CMIP6/CMIP/MOHC/UKESM1-0-LL/piControl/r1i1p1f2/day/tas/gn/v20191008/tas_day_UKESM1-0-LL_piControl_r1i1p1f2_gn_22500101-23491230.nc,https://esgf.ceda.ac.uk/thredds/dodsC/esg_cmip6/CMIP6/CMIP/MOHC/UKESM1-0-LL/piControl/r1i1p1f2/day/tas/gn/v20191008/tas_day_UKESM1-0-LL_piControl_r1i1p1f2_gn_22500101-23491230.nc,1,1,1,2,r1i1p1f2,piControl,tas,day,True
28,UKESM1-0-LL,tas_day_UKESM1-0-LL_piControl_r1i1p1f2_gn_23500101-24491230.nc,https://esgf.ceda.ac.uk/thredds/fileServer/esg_cmip6/CMIP6/CMIP/MOHC/UKESM1-0-LL/piControl/r1i1p1f2/day/tas/gn/v20191008/tas_day_UKESM1-0-LL_piControl_r1i1p1f2_gn_23500101-24491230.nc,https://esgf.ceda.ac.uk/thredds/dodsC/esg_cmip6/CMIP6/CMIP/MOHC/UKESM1-0-LL/piControl/r1i1p1f2/day/tas/gn/v20191008/tas_day_UKESM1-0-LL_piControl_r1i1p1f2_gn_23500101-24491230.nc,1,1,1,2,r1i1p1f2,piControl,tas,day,True
29,UKESM1-0-LL,tas_day_UKESM1-0-LL_piControl_r1i1p1f2_gn_24500101-25491230.nc,https://esgf.ceda.ac.uk/thredds/fileServer/esg_cmip6/CMIP6/CMIP/MOHC/UKESM1-0-LL/piControl/r1i1p1f2/day/tas/gn/v20191008/tas_day_UKESM1-0-LL_piControl_r1i1p1f2_gn_24500101-25491230.nc,https://esgf.ceda.ac.uk/thredds/dodsC/esg_cmip6/CMIP6/CMIP/MOHC/UKESM1-0-LL/piControl/r1i1p1f2/day/tas/gn/v20191008/tas_day_UKESM1-0-LL_piControl_r1i1p1f2_gn_24500101-25491230.nc,1,1,1,2,r1i1p1f2,piControl,tas,day,True
30,UKESM1-0-LL,tas_day_UKESM1-0-LL_piControl_r1i1p1f2_gn_25500101-26491230.nc,https://esgf.ceda.ac.uk/thredds/fileServer/esg_cmip6/CMIP6/CMIP/MOHC/UKESM1-0-LL/piControl/r1i1p1f2/day/tas/gn/v20191008/tas_day_UKESM1-0-LL_piControl_r1i1p1f2_gn_25500101-26491230.nc,https://esgf.ceda.ac.uk/thredds/dodsC/esg_cmip6/CMIP6/CMIP/MOHC/UKESM1-0-LL/piControl/r1i1p1f2/day/tas/gn/v20191008/tas_day_UKESM1-0-LL_piControl_r1i1p1f2_gn_25500101-26491230.nc,1,1,1,2,r1i1p1f2,piControl,tas,day,True
31,UKESM1-0-LL,tas_day_UKESM1-0-LL_piControl_r1i1p1f2_gn_26500101-27491230.nc,https://esgf.ceda.ac.uk/thredds/fileServer/esg_cmip6/CMIP6/CMIP/MOHC/UKESM1-0-LL/piControl/r1i1p1f2/day/tas/gn/v20191008/tas_day_UKESM1-0-LL_piControl_r1i1p1f2_gn_26500101-27491230.nc,https://esgf.ceda.ac.uk/thredds/dodsC/esg_cmip6/CMIP6/CMIP/MOHC/UKESM1-0-LL/piControl/r1i1p1f2/day/tas/gn/v20191008/tas_day_UKESM1-0-LL_piControl_r1i1p1f2_gn_26500101-27491230.nc,1,1,1,2,r1i1p1f2,piControl,tas,day,True
32,UKESM1-0-LL,tas_day_UKESM1-0-LL_piControl_r1i1p1f2_gn_27500101-28491230.nc,https://esgf.ceda.ac.uk/thredds/fileServer/esg_cmip6/CMIP6/CMIP/MOHC/UKESM1-0-LL/piControl/r1i1p1f2/day/tas/gn/v20191008/tas_day_UKESM1-0-LL_piControl_r1i1p1f2_gn_27500101-28491230.nc,https://esgf.ceda.ac.uk/thredds/dodsC/esg_cmip6/CMIP6/CMIP/MOHC/UKESM1-0-LL/piControl/r1i1p1f2/day/tas/gn/v20191008/tas_day_UKESM1-0-LL_piControl_r1i1p1f2_gn_27500101-28491230.nc,1,1,1,2,r1i1p1f2,piControl,tas,day,True
33,UKESM1-0-LL,tas_day_UKESM1-0-LL_piControl_r1i1p1f2_gn_28500101-29491230.nc,https://esgf.ceda.ac.uk/thredds/fileServer/esg_cmip6/CMIP6/CMIP/MOHC/UKESM1-0-LL/piControl/r1i1p1f2/day/tas/gn/v20191008/tas_day_UKESM1-0-LL_piControl_r1i1p1f2_gn_28500101-29491230.nc,https://esgf.ceda.ac.uk/thredds/dodsC/esg_cmip6/CMIP6/CMIP/MOHC/UKESM1-0-LL/piControl/r1i1p1f2/day/tas/gn/v20191008/tas_day_UKESM1-0-LL_piControl_r1i1p1f2_gn_28500101-29491230.nc,1,1,1,2,r1i1p1f2,piControl,tas,day,True
34,UKESM1-0-LL,tas_day_UKESM1-0-LL_piControl_r1i1p1f2_gn_29500101-30491230.nc,https://esgf.ceda.ac.uk/thredds/fileServer/esg_cmip6/CMIP6/CMIP/MOHC/UKESM1-0-LL/piControl/r1i1p1f2/day/tas/gn/v20191008/tas_day_UKESM1-0-LL_piControl_r1i1p1f2_gn_29500101-30491230.nc,https://esgf.ceda.ac.uk/thredds/dodsC/esg_cmip6/CMIP6/CMIP/MOHC/UKESM1-0-LL/piControl/r1i1p1f2/day/tas/gn/v20191008/tas_day_UKESM1-0-LL_piControl_r1i1p1f2_gn_29500101-30491230.nc,1,1,1,2,r1i1p1f2,piControl,tas,day,True
35,UKESM1-0-LL,tas_day_UKESM1-0-LL_piControl_r1i1p1f2_gn_30500101-30591230.nc,https://esgf.ceda.ac.uk/thredds/fileServer/esg_cmip6/CMIP6/CMIP/MOHC/UKESM1-0-LL/piControl/r1i1p1f2/day/tas/gn/v20191008/tas_day_UKESM1-0-LL_piControl_r1i1p1f2_gn_30500101-30591230.nc,https://esgf.ceda.ac.uk/thredds/dodsC/esg_cmip6/CMIP6/CMIP/MOHC/UKESM1-0-LL/piControl/r1i1p1f2/day/tas/gn/v20191008/tas_day_UKESM1-0-LL_piControl_r1i1p1f2_gn_30500101-30591230.nc,1,1,1,2,r1i1p1f2,piControl,tas,day,True
36,UKESM1-0-LL,ps_CFday_UKESM1-0-LL_abrupt-4xCO2_r1i1p1f2_gn_18500101-19491230.nc,https://esgf.ceda.ac.uk/thredds/fileServer/esg_cmip6/CMIP6/CMIP/MOHC/UKESM1-0-LL/abrupt-4xCO2/r1i1p1f2/CFday/ps/gn/v20190701/ps_CFday_UKESM1-0-LL_abrupt-4xCO2_r1i1p1f2_gn_18500101-19491230.nc,https://esgf.ceda.ac.uk/thredds/dodsC/esg_cmip6/CMIP6/CMIP/MOHC/UKESM1-0-LL/abrupt-4xCO2/r1i1p1f2/CFday/ps/gn/v20190701/ps_CFday_UKESM1-0-LL_abrupt-4xCO2_r1i1p1f2_gn_18500101-19491230.nc,1,1,1,2,r1i1p1f2,abrupt-4xCO2,ps,day,True
37,UKESM1-0-LL,ps_CFday_UKESM1-0-LL_abrupt-4xCO2_r1i1p1f2_gn_19500101-19991230.nc,https://esgf.ceda.ac.uk/thredds/fileServer/esg_cmip6/CMIP6/CMIP/MOHC/UKESM1-0-LL/abrupt-4xCO2/r1i1p1f2/CFday/ps/gn/v20190701/ps_CFday_UKESM1-0-LL_abrupt-4xCO2_r1i1p1f2_gn_19500101-19991230.nc,https://esgf.ceda.ac.uk/thredds/dodsC/esg_cmip6/CMIP6/CMIP/MOHC/UKESM1-0-LL/abrupt-4xCO2/r1i1p1f2/CFday/ps/gn/v20190701/ps_CFday_UKESM1-0-LL_abrupt-4xCO2_r1i1p1f2_gn_19500101-19991230.nc,1,1,1,2,r1i1p1f2,abrupt-4xCO2,ps,day,True
38,UKESM1-0-LL,hurs_day_UKESM1-0-LL_abrupt-4xCO2_r1i1p1f2_gn_18500101-19491230.nc,https://esgf.ceda.ac.uk/thredds/fileServer/esg_cmip6/CMIP6/CMIP/MOHC/UKESM1-0-LL/abrupt-4xCO2/r1i1p1f2/day/hurs/gn/v20190701/hurs_day_UKESM1-0-LL_abrupt-4xCO2_r1i1p1f2_gn_18500101-19491230.nc,https://esgf.ceda.ac.uk/thredds/dodsC/esg_cmip6/CMIP6/CMIP/MOHC/UKESM1-0-LL/abrupt-4xCO2/r1i1p1f2/day/hurs/gn/v20190701/hurs_day_UKESM1-0-LL_abrupt-4xCO2_r1i1p1f2_gn_18500101-19491230.nc,1,1,1,2,r1i1p1f2,abrupt-4xCO2,hurs,day,True
39,UKESM1-0-LL,hurs_day_UKESM1-0-LL_abrupt-4xCO2_r1i1p1f2_gn_19500101-19991230.nc,https://esgf.ceda.ac.uk/thredds/fileServer/esg_cmip6/CMIP6/CMIP/MOHC/UKESM1-0-LL/abrupt-4xCO2/r1i1p1f2/day/hurs/gn/v20190701/hurs_day_UKESM1-0-LL_abrupt-4xCO2_r1i1p1f2_gn_19500101-19991230.nc,https://esgf.ceda.ac.uk/thredds/dodsC/esg_cmip6/CMIP6/CMIP/MOHC/UKESM1-0-LL/abrupt-4xCO2/r1i1p1f2/day/hurs/gn/v20190701/hurs_day_UKESM1-0-LL_abrupt-4xCO2_r1i1p1f2_gn_19500101-19991230.nc,1,1,1,2,r1i1p1f2,abrupt-4xCO2,hurs,day,True
40,UKESM1-0-LL,huss_day_UKESM1-0-LL_abrupt-4xCO2_r1i1p1f2_gn_18500101-19491230.nc,https://esgf.ceda.ac.uk/thredds/fileServer/esg_cmip6/CMIP6/CMIP/MOHC/UKESM1-0-LL/abrupt-4xCO2/r1i1p1f2/day/huss/gn/v20190701/huss_day_UKESM1-0-LL_abrupt-4xCO2_r1i1p1f2_gn_18500101-19491230.nc,https://esgf.ceda.ac.uk/thredds/dodsC/esg_cmip6/CMIP6/CMIP/MOHC/UKESM1-0-LL/abrupt-4xCO2/r1i1p1f2/day/huss/gn/v20190701/huss_day_UKESM1-0-LL_abrupt-4xCO2_r1i1p1f2_gn_18500101-19491230.nc,1,1,1,2,r1i1p1f2,abrupt-4xCO2,huss,day,True
41,UKESM1-0-LL,huss_day_UKESM1-0-LL_abrupt-4xCO2_r1i1p1f2_gn_19500101-19991230.nc,https://esgf.ceda.ac.uk/thredds/fileServer/esg_cmip6/CMIP6/CMIP/MOHC/UKESM1-0-LL/abrupt-4xCO2/r1i1p1f2/day/huss/gn/v20190701/huss_day_UKESM1-0-LL_abrupt-4xCO2_r1i1p1f2_gn_19500101-19991230.nc,https://esgf.ceda.ac.uk/thredds/dodsC/esg_cmip6/CMIP6/CMIP/MOHC/UKESM1-0-LL/abrupt-4xCO2/r1i1p1f2/day/huss/gn/v20190701/huss_day_UKESM1-0-LL_abrupt-4xCO2_r1i1p1f2_gn_19500101-19991230.nc,1,1,1,2,r1i1p1f2,abrupt-4xCO2,huss,day,True
42,UKESM1-0-LL,huss_day_UKESM1-0-LL_abrupt-4xCO2_r1i1p1f2_gn_18500101-19491230.nc,https://esgf.ceda.ac.uk/thredds/fileServer/esg_cmip6/CMIP6/CMIP/MOHC/UKESM1-0-LL/abrupt-4xCO2/r1i1p1f2/day/huss/gn/v20200703/huss_day_UKESM1-0-LL_abrupt-4xCO2_r1i1p1f2_gn_18500101-19491230.nc,https://esgf.ceda.ac.uk/thredds/dodsC/esg_cmip6/CMIP6/CMIP/MOHC/UKESM1-0-LL/abrupt-4xCO2/r1i1p1f2/day/huss/gn/v20200703/huss_day_UKESM1-0-LL_abrupt-4xCO2_r1i1p1f2_gn_18500101-19491230.nc,1,1,1,2,r1i1p1f2,abrupt-4xCO2,huss,day,False
43,UKESM1-0-LL,huss_day_UKESM1-0-LL_abrupt-4xCO2_r1i1p1f2_gn_19500101-19991230.nc,https://esgf.ceda.ac.uk/thredds/fileServer/esg_cmip6/CMIP6/CMIP/MOHC/UKESM1-0-LL/abrupt-4xCO2/r1i1p1f2/day/huss/gn/v20200703/huss_day_UKESM1-0-LL_abrupt-4xCO2_r1i1p1f2_gn_19500101-19991230.nc,https://esgf.ceda.ac.uk/thredds/dodsC/esg_cmip6/CMIP6/CMIP/MOHC/UKESM1-0-LL/abrupt-4xCO2/r1i1p1f2/day/huss/gn/v20200703/huss_day_UKESM1-0-LL_abrupt-4xCO2_r1i1p1f2_gn_19500101-19991230.nc,1,1,1,2,r1i1p1f2,abrupt-4xCO2,huss,day,False
44,UKESM1-0-LL,huss_day_UKESM1-0-LL_abrupt-4xCO2_r1i1p1f2_gn_20000101-20491230.nc,https://esgf.ceda.ac.uk/thredds/fileServer/esg_cmip6/CMIP6/CMIP/MOHC/UKESM1-0-LL/abrupt-4xCO2/r1i1p1f2/day/huss/gn/v20200703/huss_day_UKESM1-0-LL_abrupt-4xCO2_r1i1p1f2_gn_20000101-20491230.nc,https://esgf.ceda.ac.uk/thredds/dodsC/esg_cmip6/CMIP6/CMIP/MOHC/UKESM1-0-LL/abrupt-4xCO2/r1i1p1f2/day/huss/gn/v20200703/huss_day_UKESM1-0-LL_abrupt-4xCO2_r1i1p1f2_gn_20000101-20491230.nc,1,1,1,2,r1i1p1f2,abrupt-4xCO2,huss,day,True
45,UKESM1-0-LL,huss_day_UKESM1-0-LL_abrupt-4xCO2_r1i1p1f2_gn_20500101-21491230.nc,https://esgf.ceda.ac.uk/thredds/fileServer/esg_cmip6/CMIP6/CMIP/MOHC/UKESM1-0-LL/abrupt-4xCO2/r1i1p1f2/day/huss/gn/v20200703/huss_day_UKESM1-0-LL_abrupt-4xCO2_r1i1p1f2_gn_20500101-21491230.nc,https://esgf.ceda.ac.uk/thredds/dodsC/esg_cmip6/CMIP6/CMIP/MOHC/UKESM1-0-LL/abrupt-4xCO2/r1i1p1f2/day/huss/gn/v20200703/huss_day_UKESM1-0-LL_abrupt-4xCO2_r1i1p1f2_gn_20500101-21491230.nc,1,1,1,2,r1i1p1f2,abrupt-4xCO2,huss,day,True
46,UKESM1-0-LL,tas_day_UKESM1-0-LL_abrupt-4xCO2_r1i1p1f2_gn_18500101-19491230.nc,https://esgf.ceda.ac.uk/thredds/fileServer/esg_cmip6/CMIP6/CMIP/MOHC/UKESM1-0-LL/abrupt-4xCO2/r1i1p1f2/day/tas/gn/v20190701/tas_day_UKESM1-0-LL_abrupt-4xCO2_r1i1p1f2_gn_18500101-19491230.nc,https://esgf.ceda.ac.uk/thredds/dodsC/esg_cmip6/CMIP6/CMIP/MOHC/UKESM1-0-LL/abrupt-4xCO2/r1i1p1f2/day/tas/gn/v20190701/tas_day_UKESM1-0-LL_abrupt-4xCO2_r1i1p1f2_gn_18500101-19491230.nc,1,1,1,2,r1i1p1f2,abrupt-4xCO2,tas,day,True
47,UKESM1-0-LL,tas_day_UKESM1-0-LL_abrupt-4xCO2_r1i1p1f2_gn_19500101-19991230.nc,https://esgf.ceda.ac.uk/thredds/fileServer/esg_cmip6/CMIP6/CMIP/MOHC/UKESM1-0-LL/abrupt-4xCO2/r1i1p1f2/day/tas/gn/v20190701/tas_day_UKESM1-0-LL_abrupt-4xCO2_r1i1p1f2_gn_19500101-19991230.nc,https://esgf.ceda.ac.uk/thredds/dodsC/esg_cmip6/CMIP6/CMIP/MOHC/UKESM1-0-LL/abrupt-4xCO2/r1i1p1f2/day/tas/gn/v20190701/tas_day_UKESM1-0-LL_abrupt-4xCO2_r1i1p1f2_gn_19500101-19991230.nc,1,1,1,2,r1i1p1f2,abrupt-4xCO2,tas,day,True
48,UKESM1-0-LL,tas_day_UKESM1-0-LL_abrupt-4xCO2_r1i1p1f2_gn_18500101-19491230.nc,https://esgf.ceda.ac.uk/thredds/fileServer/esg_cmip6/CMIP6/CMIP/MOHC/UKESM1-0-LL/abrupt-4xCO2/r1i1p1f2/day/tas/gn/v20200703/tas_day_UKESM1-0-LL_abrupt-4xCO2_r1i1p1f2_gn_18500101-19491230.nc,https://esgf.ceda.ac.uk/thredds/dodsC/esg_cmip6/CMIP6/CMIP/MOHC/UKESM1-0-LL/abrupt-4xCO2/r1i1p1f2/day/tas/gn/v20200703/tas_day_UKESM1-0-LL_abrupt-4xCO2_r1i1p1f2_gn_18500101-19491230.nc,1,1,1,2,r1i1p1f2,abrupt-4xCO2,tas,day,False
49,UKESM1-0-LL,tas_day_UKESM1-0-LL_abrupt-4xCO2_r1i1p1f2_gn_19500101-19991230.nc,https://esgf.ceda.ac.uk/thredds/fileServer/esg_cmip6/CMIP6/CMIP/MOHC/UKESM1-0-LL/abrupt-4xCO2/r1i1p1f2/day/tas/gn/v20200703/tas_day_UKESM1-0-LL_abrupt-4xCO2_r1i1p1f2_gn_19500101-19991230.nc,https://esgf.ceda.ac.uk/thredds/dodsC/esg_cmip6/CMIP6/CMIP/MOHC/UKESM1-0-LL/abrupt-4xCO2/r1i1p1f2/day/tas/gn/v20200703/tas_day_UKESM1-0-LL_abrupt-4xCO2_r1i1p1f2_gn_19500101-19991230.nc,1,1,1,2,r1i1p1f2,abrupt-4xCO2,tas,day,False
50,UKESM1-0-LL,tas_day_UKESM1-0-LL_abrupt-4xCO2_r1i1p1f2_gn_20000101-20491230.nc,https://esgf.ceda.ac.uk/thredds/fileServer/esg_cmip6/CMIP6/CMIP/MOHC/UKESM1-0-LL/abrupt-4xCO2/r1i1p1f2/day/tas/gn/v20200703/tas_day_UKESM1-0-LL_abrupt-4xCO2_r1i1p1f2_gn_20000101-20491230.nc,https://esgf.ceda.ac.uk/thredds/dodsC/esg_cmip6/CMIP6/CMIP/MOHC/UKESM1-0-LL/abrupt-4xCO2/r1i1p1f2/day/tas/gn/v20200703/tas_day_UKESM1-0-LL_abrupt-4xCO2_r1i1p1f2_gn_20000101-20491230.nc,1,1,1,2,r1i1p1f2,abrupt-4xCO2,tas,day,True
51,UKESM1-0-LL,tas_day_UKESM1-0-LL_abrupt-4xCO2_r1i1p1f2_gn_20500101-21491230.nc,https://esgf.ceda.ac.uk/thredds/fileServer/esg_cmip6/CMIP6/CMIP/MOHC/UKESM1-0-LL/abrupt-4xCO2/r1i1p1f2/day/tas/gn/v20200703/tas_day_UKESM1-0-LL_abrupt-4xCO2_r1i1p1f2_gn_20500101-21491230.nc,https://esgf.ceda.ac.uk/thredds/dodsC/esg_cmip6/CMIP6/CMIP/MOHC/UKESM1-0-LL/abrupt-4xCO2/r1i1p1f2/day/tas/gn/v20200703/tas_day_UKESM1-0-LL_abrupt-4xCO2_r1i1p1f2_gn_20500101-21491230.nc,1,1,1,2,r1i1p1f2,abrupt-4xCO2,tas,day,True
52,UKESM1-0-LL,ps_CFday_UKESM1-0-LL_piControl_r1i1p1f2_gn_19600101-20491230.nc,https://esgf.ceda.ac.uk/thredds/fileServer/esg_cmip6/CMIP6/CMIP/MOHC/UKESM1-0-LL/piControl/r1i1p1f2/CFday/ps/gn/v20190827/ps_CFday_UKESM1-0-LL_piControl_r1i1p1f2_gn_19600101-20491230.nc,https://esgf.ceda.ac.uk/thredds/dodsC/esg_cmip6/CMIP6/CMIP/MOHC/UKESM1-0-LL/piControl/r1i1p1f2/CFday/ps/gn/v20190827/ps_CFday_UKESM1-0-LL_piControl_r1i1p1f2_gn_19600101-20491230.nc,1,1,1,2,r1i1p1f2,piControl,ps,day,True
53,UKESM1-0-LL,ps_CFday_UKESM1-0-LL_piControl_r1i1p1f2_gn_20500101-21491230.nc,https://esgf.ceda.ac.uk/thredds/fileServer/esg_cmip6/CMIP6/CMIP/MOHC/UKESM1-0-LL/piControl/r1i1p1f2/CFday/ps/gn/v20190827/ps_CFday_UKESM1-0-LL_piControl_r1i1p1f2_gn_20500101-21491230.nc,https://esgf.ceda.ac.uk/thredds/dodsC/esg_cmip6/CMIP6/CMIP/MOHC/UKESM1-0-LL/piControl/r1i1p1f2/CFday/ps/gn/v20190827/ps_CFday_UKESM1-0-LL_piControl_r1i1p1f2_gn_20500101-21491230.nc,1,1,1,2,r1i1p1f2,piControl,ps,day,True
54,UKESM1-0-LL,ps_CFday_UKESM1-0-LL_piControl_r1i1p1f2_gn_21500101-22491230.nc,https://esgf.ceda.ac.uk/thredds/fileServer/esg_cmip6/CMIP6/CMIP/MOHC/UKESM1-0-LL/piControl/r1i1p1f2/CFday/ps/gn/v20190827/ps_CFday_UKESM1-0-LL_piControl_r1i1p1f2_gn_21500101-22491230.nc,https://esgf.ceda.ac.uk/thredds/dodsC/esg_cmip6/CMIP6/CMIP/MOHC/UKESM1-0-LL/piControl/r1i1p1f2/CFday/ps/gn/v20190827/ps_CFday_UKESM1-0-LL_piControl_r1i1p1f2_gn_21500101-22491230.nc,1,1,1,2,r1i1p1f2,piControl,ps,day,True
55,UKESM1-0-LL,ps_CFday_UKESM1-0-LL_piControl_r1i1p1f2_gn_22500101-23491230.nc,https://esgf.ceda.ac.uk/thredds/fileServer/esg_cmip6/CMIP6/CMIP/MOHC/UKESM1-0-LL/piControl/r1i1p1f2/CFday/ps/gn/v20190827/ps_CFday_UKESM1-0-LL_piControl_r1i1p1f2_gn_22500101-23491230.nc,https://esgf.ceda.ac.uk/thredds/dodsC/esg_cmip6/CMIP6/CMIP/MOHC/UKESM1-0-LL/piControl/r1i1p1f2/CFday/ps/gn/v20190827/ps_CFday_UKESM1-0-LL_piControl_r1i1p1f2_gn_22500101-23491230.nc,1,1,1,2,r1i1p1f2,piControl,ps,day,True
56,UKESM1-0-LL,ps_CFday_UKESM1-0-LL_piControl_r1i1p1f2_gn_23500101-24491230.nc,https://esgf.ceda.ac.uk/thredds/fileServer/esg_cmip6/CMIP6/CMIP/MOHC/UKESM1-0-LL/piControl/r1i1p1f2/CFday/ps/gn/v20190827/ps_CFday_UKESM1-0-LL_piControl_r1i1p1f2_gn_23500101-24491230.nc,https://esgf.ceda.ac.uk/thredds/dodsC/esg_cmip6/CMIP6/CMIP/MOHC/UKESM1-0-LL/piControl/r1i1p1f2/CFday/ps/gn/v20190827/ps_CFday_UKESM1-0-LL_piControl_r1i1p1f2_gn_23500101-24491230.nc,1,1,1,2,r1i1p1f2,piControl,ps,day,True
57,UKESM1-0-LL,ps_CFday_UKESM1-0-LL_piControl_r1i1p1f2_gn_24500101-25491230.nc,https://esgf.ceda.ac.uk/thredds/fileServer/esg_cmip6/CMIP6/CMIP/MOHC/UKESM1-0-LL/piControl/r1i1p1f2/CFday/ps/gn/v20190827/ps_CFday_UKESM1-0-LL_piControl_r1i1p1f2_gn_24500101-25491230.nc,https://esgf.ceda.ac.uk/thredds/dodsC/esg_cmip6/CMIP6/CMIP/MOHC/UKESM1-0-LL/piControl/r1i1p1f2/CFday/ps/gn/v20190827/ps_CFday_UKESM1-0-LL_piControl_r1i1p1f2_gn_24500101-25491230.nc,1,1,1,2,r1i1p1f2,piControl,ps,day,True
58,UKESM1-0-LL,ps_CFday_UKESM1-0-LL_piControl_r1i1p1f2_gn_25500101-26491230.nc,https://esgf.ceda.ac.uk/thredds/fileServer/esg_cmip6/CMIP6/CMIP/MOHC/UKESM1-0-LL/piControl/r1i1p1f2/CFday/ps/gn/v20190827/ps_CFday_UKESM1-0-LL_piControl_r1i1p1f2_gn_25500101-26491230.nc,https://esgf.ceda.ac.uk/thredds/dodsC/esg_cmip6/CMIP6/CMIP/MOHC/UKESM1-0-LL/piControl/r1i1p1f2/CFday/ps/gn/v20190827/ps_CFday_UKESM1-0-LL_piControl_r1i1p1f2_gn_25500101-26491230.nc,1,1,1,2,r1i1p1f2,piControl,ps,day,True
59,UKESM1-0-LL,ps_CFday_UKESM1-0-LL_piControl_r1i1p1f2_gn_26500101-27491230.nc,https://esgf.ceda.ac.uk/thredds/fileServer/esg_cmip6/CMIP6/CMIP/MOHC/UKESM1-0-LL/piControl/r1i1p1f2/CFday/ps/gn/v20190827/ps_CFday_UKESM1-0-LL_piControl_r1i1p1f2_gn_26500101-27491230.nc,https://esgf.ceda.ac.uk/thredds/dodsC/esg_cmip6/CMIP6/CMIP/MOHC/UKESM1-0-LL/piControl/r1i1p1f2/CFday/ps/gn/v20190827/ps_CFday_UKESM1-0-LL_piControl_r1i1p1f2_gn_26500101-27491230.nc,1,1,1,2,r1i1p1f2,piControl,ps,day,True
60,UKESM1-0-LL,ps_CFday_UKESM1-0-LL_piControl_r1i1p1f2_gn_27500101-28491230.nc,https://esgf.ceda.ac.uk/thredds/fileServer/esg_cmip6/CMIP6/CMIP/MOHC/UKESM1-0-LL/piControl/r1i1p1f2/CFday/ps/gn/v20190827/ps_CFday_UKESM1-0-LL_piControl_r1i1p1f2_gn_27500101-28491230.nc,https://esgf.ceda.ac.uk/thredds/dodsC/esg_cmip6/CMIP6/CMIP/MOHC/UKESM1-0-LL/piControl/r1i1p1f2/CFday/ps/gn/v20190827/ps_CFday_UKESM1-0-LL_piControl_r1i1p1f2_gn_27500101-28491230.nc,1,1,1,2,r1i1p1f2,piControl,ps,day,True
61,UKESM1-0-LL,ps_CFday_UKESM1-0-LL_piControl_r1i1p1f2_gn_28500101-29491230.nc,https://esgf.ceda.ac.uk/thredds/fileServer/esg_cmip6/CMIP6/CMIP/MOHC/UKESM1-0-LL/piControl/r1i1p1f2/CFday/ps/gn/v20190827/ps_CFday_UKESM1-0-LL_piControl_r1i1p1f2_gn_28500101-29491230.nc,https://esgf.ceda.ac.uk/thredds/dodsC/esg_cmip6/CMIP6/CMIP/MOHC/UKESM1-0-LL/piControl/r1i1p1f2/CFday/ps/gn/v20190827/ps_CFday_UKESM1-0-LL_piControl_r1i1p1f2_gn_28500101-29491230.nc,1,1,1,2,r1i1p1f2,piControl,ps,day,True
62,UKESM1-0-LL,ps_CFday_UKESM1-0-LL_piControl_r1i1p1f2_gn_29500101-30491230.nc,https://esgf.ceda.ac.uk/thredds/fileServer/esg_cmip6/CMIP6/CMIP/MOHC/UKESM1-0-LL/piControl/r1i1p1f2/CFday/ps/gn/v20190827/ps_CFday_UKESM1-0-LL_piControl_r1i1p1f2_gn_29500101-30491230.nc,https://esgf.ceda.ac.uk/thredds/dodsC/esg_cmip6/CMIP6/CMIP/MOHC/UKESM1-0-LL/piControl/r1i1p1f2/CFday/ps/gn/v20190827/ps_CFday_UKESM1-0-LL_piControl_r1i1p1f2_gn_29500101-30491230.nc,1,1,1,2,r1i1p1f2,piControl,ps,day,True
63,UKESM1-0-LL,ps_CFday_UKESM1-0-LL_piControl_r1i1p1f2_gn_30500101-30591230.nc,https://esgf.ceda.ac.uk/thredds/fileServer/esg_cmip6/CMIP6/CMIP/MOHC/UKESM1-0-LL/piControl/r1i1p1f2/CFday/ps/gn/v20190827/ps_CFday_UKESM1-0-LL_piControl_r1i1p1f2_gn_30500101-30591230.nc,https://esgf.ceda.ac.uk/thredds/dodsC/esg_cmip6/CMIP6/CMIP/MOHC/UKESM1-0-LL/piControl/r1i1p1f2/CFday/ps/gn/v20190827/ps_CFday_UKESM1-0-LL_piControl_r1i1p1f2_gn_30500101-30591230.nc,1,1,1,2,r1i1p1f2,piControl,ps,day,True
64,UKESM1-0-LL,ps_CFday_UKESM1-0-LL_piControl_r1i1p1f2_gn_19600101-20491230.nc,http://esgf3.dkrz.de/thredds/fileServer/cmip6/CMIP/MOHC/UKESM1-0-LL/piControl/r1i1p1f2/CFday/ps/gn/v20190827/ps_CFday_UKESM1-0-LL_piControl_r1i1p1f2_gn_19600101-20491230.nc,http://esgf3.dkrz.de/thredds/dodsC/cmip6/CMIP/MOHC/UKESM1-0-LL/piControl/r1i1p1f2/CFday/ps/gn/v20190827/ps_CFday_UKESM1-0-LL_piControl_r1i1p1f2_gn_19600101-20491230.nc,1,1,1,2,r1i1p1f2,piControl,ps,day,False
65,UKESM1-0-LL,ps_CFday_UKESM1-0-LL_piControl_r1i1p1f2_gn_20500101-21491230.nc,http://esgf3.dkrz.de/thredds/fileServer/cmip6/CMIP/MOHC/UKESM1-0-LL/piControl/r1i1p1f2/CFday/ps/gn/v20190827/ps_CFday_UKESM1-0-LL_piControl_r1i1p1f2_gn_20500101-21491230.nc,http://esgf3.dkrz.de/thredds/dodsC/cmip6/CMIP/MOHC/UKESM1-0-LL/piControl/r1i1p1f2/CFday/ps/gn/v20190827/ps_CFday_UKESM1-0-LL_piControl_r1i1p1f2_gn_20500101-21491230.nc,1,1,1,2,r1i1p1f2,piControl,ps,day,False
66,UKESM1-0-LL,ps_CFday_UKESM1-0-LL_piControl_r1i1p1f2_gn_21500101-22491230.nc,http://esgf3.dkrz.de/thredds/fileServer/cmip6/CMIP/MOHC/UKESM1-0-LL/piControl/r1i1p1f2/CFday/ps/gn/v20190827/ps_CFday_UKESM1-0-LL_piControl_r1i1p1f2_gn_21500101-22491230.nc,http://esgf3.dkrz.de/thredds/dodsC/cmip6/CMIP/MOHC/UKESM1-0-LL/piControl/r1i1p1f2/CFday/ps/gn/v20190827/ps_CFday_UKESM1-0-LL_piControl_r1i1p1f2_gn_21500101-22491230.nc,1,1,1,2,r1i1p1f2,piControl,ps,day,False
67,UKESM1-0-LL,ps_CFday_UKESM1-0-LL_piControl_r1i1p1f2_gn_22500101-23491230.nc,http://esgf3.dkrz.de/thredds/fileServer/cmip6/CMIP/MOHC/UKESM1-0-LL/piControl/r1i1p1f2/CFday/ps/gn/v20190827/ps_CFday_UKESM1-0-LL_piControl_r1i1p1f2_gn_22500101-23491230.nc,http://esgf3.dkrz.de/thredds/dodsC/cmip6/CMIP/MOHC/UKESM1-0-LL/piControl/r1i1p1f2/CFday/ps/gn/v20190827/ps_CFday_UKESM1-0-LL_piControl_r1i1p1f2_gn_22500101-23491230.nc,1,1,1,2,r1i1p1f2,piControl,ps,day,False
68,UKESM1-0-LL,ps_CFday_UKESM1-0-LL_piControl_r1i1p1f2_gn_23500101-24491230.nc,http://esgf3.dkrz.de/thredds/fileServer/cmip6/CMIP/MOHC/UKESM1-0-LL/piControl/r1i1p1f2/CFday/ps/gn/v20190827/ps_CFday_UKESM1-0-LL_piControl_r1i1p1f2_gn_23500101-24491230.nc,http://esgf3.dkrz.de/thredds/dodsC/cmip6/CMIP/MOHC/UKESM1-0-LL/piControl/r1i1p1f2/CFday/ps/gn/v20190827/ps_CFday_UKESM1-0-LL_piControl_r1i1p1f2_gn_23500101-24491230.nc,1,1,1,2,r1i1p1f2,piControl,ps,day,False
69,UKESM1-0-LL,ps_CFday_UKESM1-0-LL_piControl_r1i1p1f2_gn_24500101-25491230.nc,http://esgf3.dkrz.de/thredds/fileServer/cmip6/CMIP/MOHC/UKESM1-0-LL/piControl/r1i1p1f2/CFday/ps/gn/v20190827/ps_CFday_UKESM1-0-LL_piControl_r1i1p1f2_gn_24500101-25491230.nc,http://esgf3.dkrz.de/thredds/dodsC/cmip6/CMIP/MOHC/UKESM1-0-LL/piControl/r1i1p1f2/CFday/ps/gn/v20190827/ps_CFday_UKESM1-0-LL_piControl_r1i1p1f2_gn_24500101-25491230.nc,1,1,1,2,r1i1p1f2,piControl,ps,day,False
70,UKESM1-0-LL,ps_CFday_UKESM1-0-LL_piControl_r1i1p1f2_gn_25500101-26491230.nc,http://esgf3.dkrz.de/thredds/fileServer/cmip6/CMIP/MOHC/UKESM1-0-LL/piControl/r1i1p1f2/CFday/ps/gn/v20190827/ps_CFday_UKESM1-0-LL_piControl_r1i1p1f2_gn_25500101-26491230.nc,http://esgf3.dkrz.de/thredds/dodsC/cmip6/CMIP/MOHC/UKESM1-0-LL/piControl/r1i1p1f2/CFday/ps/gn/v20190827/ps_CFday_UKESM1-0-LL_piControl_r1i1p1f2_gn_25500101-26491230.nc,1,1,1,2,r1i1p1f2,piControl,ps,day,False
71,UKESM1-0-LL,ps_CFday_UKESM1-0-LL_piControl_r1i1p1f2_gn_26500101-27491230.nc,http://esgf3.dkrz.de/thredds/fileServer/cmip6/CMIP/MOHC/UKESM1-0-LL/piControl/r1i1p1f2/CFday/ps/gn/v20190827/ps_CFday_UKESM1-0-LL_piControl_r1i1p1f2_gn_26500101-27491230.nc,http://esgf3.dkrz.de/thredds/dodsC/cmip6/CMIP/MOHC/UKESM1-0-LL/piControl/r1i1p1f2/CFday/ps/gn/v20190827/ps_CFday_UKESM1-0-LL_piControl_r1i1p1f2_gn_26500101-27491230.nc,1,1,1,2,r1i1p1f2,piControl,ps,day,False
72,UKESM1-0-LL,ps_CFday_UKESM1-0-LL_piControl_r1i1p1f2_gn_27500101-28491230.nc,http://esgf3.dkrz.de/thredds/fileServer/cmip6/CMIP/MOHC/UKESM1-0-LL/piControl/r1i1p1f2/CFday/ps/gn/v20190827/ps_CFday_UKESM1-0-LL_piControl_r1i1p1f2_gn_27500101-28491230.nc,http://esgf3.dkrz.de/thredds/dodsC/cmip6/CMIP/MOHC/UKESM1-0-LL/piControl/r1i1p1f2/CFday/ps/gn/v20190827/ps_CFday_UKESM1-0-LL_piControl_r1i1p1f2_gn_27500101-28491230.nc,1,1,1,2,r1i1p1f2,piControl,ps,day,False
73,UKESM1-0-LL,ps_CFday_UKESM1-0-LL_piControl_r1i1p1f2_gn_28500101-29491230.nc,http://esgf3.dkrz.de/thredds/fileServer/cmip6/CMIP/MOHC/UKESM1-0-LL/piControl/r1i1p1f2/CFday/ps/gn/v20190827/ps_CFday_UKESM1-0-LL_piControl_r1i1p1f2_gn_28500101-29491230.nc,http://esgf3.dkrz.de/thredds/dodsC/cmip6/CMIP/MOHC/UKESM1-0-LL/piControl/r1i1p1f2/CFday/ps/gn/v20190827/ps_CFday_UKESM1-0-LL_piControl_r1i1p1f2_gn_28500101-29491230.nc,1,1,1,2,r1i1p1f2,piControl,ps,day,False
74,UKESM1-0-LL,ps_CFday_UKESM1-0-LL_piControl_r1i1p1f2_gn_29500101-30491230.nc,http://esgf3.dkrz.de/thredds/fileServer/cmip6/CMIP/MOHC/UKESM1-0-LL/piControl/r1i1p1f2/CFday/ps/gn/v20190827/ps_CFday_UKESM1-0-LL_piControl_r1i1p1f2_gn_29500101-30491230.nc,http://esgf3.dkrz.de/thredds/dodsC/cmip6/CMIP/MOHC/UKESM1-0-LL/piControl/r1i1p1f2/CFday/ps/gn/v20190827/ps_CFday_UKESM1-0-LL_piControl_r1i1p1f2_gn_29500101-30491230.nc,1,1,1,2,r1i1p1f2,piControl,ps,day,False
75,UKESM1-0-LL,ps_CFday_UKESM1-0-LL_piControl_r1i1p1f2_gn_30500101-30591230.nc,http://esgf3.dkrz.de/thredds/fileServer/cmip6/CMIP/MOHC/UKESM1-0-LL/piControl/r1i1p1f2/CFday/ps/gn/v20190827/ps_CFday_UKESM1-0-LL_piControl_r1i1p1f2_gn_30500101-30591230.nc,http://esgf3.dkrz.de/thredds/dodsC/cmip6/CMIP/MOHC/UKESM1-0-LL/piControl/r1i1p1f2/CFday/ps/gn/v20190827/ps_CFday_UKESM1-0-LL_piControl_r1i1p1f2_gn_30500101-30591230.nc,1,1,1,2,r1i1p1f2,piControl,ps,day,False
76,UKESM1-0-LL,huss_day_UKESM1-0-LL_piControl_r1i1p1f2_gn_19600101-20491230.nc,http://esgf3.dkrz.de/thredds/fileServer/cmip6/CMIP/MOHC/UKESM1-0-LL/piControl/r1i1p1f2/day/huss/gn/v20190827/huss_day_UKESM1-0-LL_piControl_r1i1p1f2_gn_19600101-20491230.nc,http://esgf3.dkrz.de/thredds/dodsC/cmip6/CMIP/MOHC/UKESM1-0-LL/piControl/r1i1p1f2/day/huss/gn/v20190827/huss_day_UKESM1-0-LL_piControl_r1i1p1f2_gn_19600101-20491230.nc,1,1,1,2,r1i1p1f2,piControl,huss,day,False
77,UKESM1-0-LL,huss_day_UKESM1-0-LL_piControl_r1i1p1f2_gn_20500101-21491230.nc,http://esgf3.dkrz.de/thredds/fileServer/cmip6/CMIP/MOHC/UKESM1-0-LL/piControl/r1i1p1f2/day/huss/gn/v20190827/huss_day_UKESM1-0-LL_piControl_r1i1p1f2_gn_20500101-21491230.nc,http://esgf3.dkrz.de/thredds/dodsC/cmip6/CMIP/MOHC/UKESM1-0-LL/piControl/r1i1p1f2/day/huss/gn/v20190827/huss_day_UKESM1-0-LL_piControl_r1i1p1f2_gn_20500101-21491230.nc,1,1,1,2,r1i1p1f2,piControl,huss,day,False
78,UKESM1-0-LL,huss_day_UKESM1-0-LL_piControl_r1i1p1f2_gn_21500101-22491230.nc,http://esgf3.dkrz.de/thredds/fileServer/cmip6/CMIP/MOHC/UKESM1-0-LL/piControl/r1i1p1f2/day/huss/gn/v20190827/huss_day_UKESM1-0-LL_piControl_r1i1p1f2_gn_21500101-22491230.nc,http://esgf3.dkrz.de/thredds/dodsC/cmip6/CMIP/MOHC/UKESM1-0-LL/piControl/r1i1p1f2/day/huss/gn/v20190827/huss_day_UKESM1-0-LL_piControl_r1i1p1f2_gn_21500101-22491230.nc,1,1,1,2,r1i1p1f2,piControl,huss,day,False
79,UKESM1-0-LL,huss_day_UKESM1-0-LL_piControl_r1i1p1f2_gn_22500101-23491230.nc,http://esgf3.dkrz.de/thredds/fileServer/cmip6/CMIP/MOHC/UKESM1-0-LL/piControl/r1i1p1f2/day/huss/gn/v20190827/huss_day_UKESM1-0-LL_piControl_r1i1p1f2_gn_22500101-23491230.nc,http://esgf3.dkrz.de/thredds/dodsC/cmip6/CMIP/MOHC/UKESM1-0-LL/piControl/r1i1p1f2/day/huss/gn/v20190827/huss_day_UKESM1-0-LL_piControl_r1i1p1f2_gn_22500101-23491230.nc,1,1,1,2,r1i1p1f2,piControl,huss,day,False
80,UKESM1-0-LL,huss_day_UKESM1-0-LL_piControl_r1i1p1f2_gn_23500101-24491230.nc,http://esgf3.dkrz.de/thredds/fileServer/cmip6/CMIP/MOHC/UKESM1-0-LL/piControl/r1i1p1f2/day/huss/gn/v20190827/huss_day_UKESM1-0-LL_piControl_r1i1p1f2_gn_23500101-24491230.nc,http://esgf3.dkrz.de/thredds/dodsC/cmip6/CMIP/MOHC/UKESM1-0-LL/piControl/r1i1p1f2/day/huss/gn/v20190827/huss_day_UKESM1-0-LL_piControl_r1i1p1f2_gn_23500101-24491230.nc,1,1,1,2,r1i1p1f2,piControl,huss,day,False
81,UKESM1-0-LL,huss_day_UKESM1-0-LL_piControl_r1i1p1f2_gn_24500101-25491230.nc,http://esgf3.dkrz.de/thredds/fileServer/cmip6/CMIP/MOHC/UKESM1-0-LL/piControl/r1i1p1f2/day/huss/gn/v20190827/huss_day_UKESM1-0-LL_piControl_r1i1p1f2_gn_24500101-25491230.nc,http://esgf3.dkrz.de/thredds/dodsC/cmip6/CMIP/MOHC/UKESM1-0-LL/piControl/r1i1p1f2/day/huss/gn/v20190827/huss_day_UKESM1-0-LL_piControl_r1i1p1f2_gn_24500101-25491230.nc,1,1,1,2,r1i1p1f2,piControl,huss,day,False
82,UKESM1-0-LL,huss_day_UKESM1-0-LL_piControl_r1i1p1f2_gn_25500101-26491230.nc,http://esgf3.dkrz.de/thredds/fileServer/cmip6/CMIP/MOHC/UKESM1-0-LL/piControl/r1i1p1f2/day/huss/gn/v20190827/huss_day_UKESM1-0-LL_piControl_r1i1p1f2_gn_25500101-26491230.nc,http://esgf3.dkrz.de/thredds/dodsC/cmip6/CMIP/MOHC/UKESM1-0-LL/piControl/r1i1p1f2/day/huss/gn/v20190827/huss_day_UKESM1-0-LL_piControl_r1i1p1f2_gn_25500101-26491230.nc,1,1,1,2,r1i1p1f2,piControl,huss,day,False
83,UKESM1-0-LL,huss_day_UKESM1-0-LL_piControl_r1i1p1f2_gn_26500101-27491230.nc,http://esgf3.dkrz.de/thredds/fileServer/cmip6/CMIP/MOHC/UKESM1-0-LL/piControl/r1i1p1f2/day/huss/gn/v20190827/huss_day_UKESM1-0-LL_piControl_r1i1p1f2_gn_26500101-27491230.nc,http://esgf3.dkrz.de/thredds/dodsC/cmip6/CMIP/MOHC/UKESM1-0-LL/piControl/r1i1p1f2/day/huss/gn/v20190827/huss_day_UKESM1-0-LL_piControl_r1i1p1f2_gn_26500101-27491230.nc,1,1,1,2,r1i1p1f2,piControl,huss,day,False
84,UKESM1-0-LL,huss_day_UKESM1-0-LL_piControl_r1i1p1f2_gn_27500101-28491230.nc,http://esgf3.dkrz.de/thredds/fileServer/cmip6/CMIP/MOHC/UKESM1-0-LL/piControl/r1i1p1f2/day/huss/gn/v20190827/huss_day_UKESM1-0-LL_piControl_r1i1p1f2_gn_27500101-28491230.nc,http://esgf3.dkrz.de/thredds/dodsC/cmip6/CMIP/MOHC/UKESM1-0-LL/piControl/r1i1p1f2/day/huss/gn/v20190827/huss_day_UKESM1-0-LL_piControl_r1i1p1f2_gn_27500101-28491230.nc,1,1,1,2,r1i1p1f2,piControl,huss,day,False
85,UKESM1-0-LL,huss_day_UKESM1-0-LL_piControl_r1i1p1f2_gn_28500101-29491230.nc,http://esgf3.dkrz.de/thredds/fileServer/cmip6/CMIP/MOHC/UKESM1-0-LL/piControl/r1i1p1f2/day/huss/gn/v20190827/huss_day_UKESM1-0-LL_piControl_r1i1p1f2_gn_28500101-29491230.nc,http://esgf3.dkrz.de/thredds/dodsC/cmip6/CMIP/MOHC/UKESM1-0-LL/piControl/r1i1p1f2/day/huss/gn/v20190827/huss_day_UKESM1-0-LL_piControl_r1i1p1f2_gn_28500101-29491230.nc,1,1,1,2,r1i1p1f2,piControl,huss,day,False
86,UKESM1-0-LL,huss_day_UKESM1-0-LL_piControl_r1i1p1f2_gn_29500101-30491230.nc,http://esgf3.dkrz.de/thredds/fileServer/cmip6/CMIP/MOHC/UKESM1-0-LL/piControl/r1i1p1f2/day/huss/gn/v20190827/huss_day_UKESM1-0-LL_piControl_r1i1p1f2_gn_29500101-30491230.nc,http://esgf3.dkrz.de/thredds/dodsC/cmip6/CMIP/MOHC/UKESM1-0-LL/piControl/r1i1p1f2/day/huss/gn/v20190827/huss_day_UKESM1-0-LL_piControl_r1i1p1f2_gn_29500101-30491230.nc,1,1,1,2,r1i1p1f2,piControl,huss,day,False
87,UKESM1-0-LL,huss_day_UKESM1-0-LL_piControl_r1i1p1f2_gn_30500101-30591230.nc,http://esgf3.dkrz.de/thredds/fileServer/cmip6/CMIP/MOHC/UKESM1-0-LL/piControl/r1i1p1f2/day/huss/gn/v20190827/huss_day_UKESM1-0-LL_piControl_r1i1p1f2_gn_30500101-30591230.nc,http://esgf3.dkrz.de/thredds/dodsC/cmip6/CMIP/MOHC/UKESM1-0-LL/piControl/r1i1p1f2/day/huss/gn/v20190827/huss_day_UKESM1-0-LL_piControl_r1i1p1f2_gn_30500101-30591230.nc,1,1,1,2,r1i1p1f2,piControl,huss,day,False
88,UKESM1-0-LL,tas_day_UKESM1-0-LL_piControl_r1i1p1f2_gn_19600101-20491230.nc,http://esgf3.dkrz.de/thredds/fileServer/cmip6/CMIP/MOHC/UKESM1-0-LL/piControl/r1i1p1f2/day/tas/gn/v20191008/tas_day_UKESM1-0-LL_piControl_r1i1p1f2_gn_19600101-20491230.nc,http://esgf3.dkrz.de/thredds/dodsC/cmip6/CMIP/MOHC/UKESM1-0-LL/piControl/r1i1p1f2/day/tas/gn/v20191008/tas_day_UKESM1-0-LL_piControl_r1i1p1f2_gn_19600101-20491230.nc,1,1,1,2,r1i1p1f2,piControl,tas,day,False
89,UKESM1-0-LL,tas_day_UKESM1-0-LL_piControl_r1i1p1f2_gn_20500101-21491230.nc,http://esgf3.dkrz.de/thredds/fileServer/cmip6/CMIP/MOHC/UKESM1-0-LL/piControl/r1i1p1f2/day/tas/gn/v20191008/tas_day_UKESM1-0-LL_piControl_r1i1p1f2_gn_20500101-21491230.nc,http://esgf3.dkrz.de/thredds/dodsC/cmip6/CMIP/MOHC/UKESM1-0-LL/piControl/r1i1p1f2/day/tas/gn/v20191008/tas_day_UKESM1-0-LL_piControl_r1i1p1f2_gn_20500101-21491230.nc,1,1,1,2,r1i1p1f2,piControl,tas,day,False
90,UKESM1-0-LL,tas_day_UKESM1-0-LL_piControl_r1i1p1f2_gn_21500101-22491230.nc,http://esgf3.dkrz.de/thredds/fileServer/cmip6/CMIP/MOHC/UKESM1-0-LL/piControl/r1i1p1f2/day/tas/gn/v20191008/tas_day_UKESM1-0-LL_piControl_r1i1p1f2_gn_21500101-22491230.nc,http://esgf3.dkrz.de/thredds/dodsC/cmip6/CMIP/MOHC/UKESM1-0-LL/piControl/r1i1p1f2/day/tas/gn/v20191008/tas_day_UKESM1-0-LL_piControl_r1i1p1f2_gn_21500101-22491230.nc,1,1,1,2,r1i1p1f2,piControl,tas,day,False
91,UKESM1-0-LL,tas_day_UKESM1-0-LL_piControl_r1i1p1f2_gn_22500101-23491230.nc,http://esgf3.dkrz.de/thredds/fileServer/cmip6/CMIP/MOHC/UKESM1-0-LL/piControl/r1i1p1f2/day/tas/gn/v20191008/tas_day_UKESM1-0-LL_piControl_r1i1p1f2_gn_22500101-23491230.nc,http://esgf3.dkrz.de/thredds/dodsC/cmip6/CMIP/MOHC/UKESM1-0-LL/piControl/r1i1p1f2/day/tas/gn/v20191008/tas_day_UKESM1-0-LL_piControl_r1i1p1f2_gn_22500101-23491230.nc,1,1,1,2,r1i1p1f2,piControl,tas,day,False
92,UKESM1-0-LL,tas_day_UKESM1-0-LL_piControl_r1i1p1f2_gn_23500101-24491230.nc,http://esgf3.dkrz.de/thredds/fileServer/cmip6/CMIP/MOHC/UKESM1-0-LL/piControl/r1i1p1f2/day/tas/gn/v20191008/tas_day_UKESM1-0-LL_piControl_r1i1p1f2_gn_23500101-24491230.nc,http://esgf3.dkrz.de/thredds/dodsC/cmip6/CMIP/MOHC/UKESM1-0-LL/piControl/r1i1p1f2/day/tas/gn/v20191008/tas_day_UKESM1-0-LL_piControl_r1i1p1f2_gn_23500101-24491230.nc,1,1,1,2,r1i1p1f2,piControl,tas,day,False
93,UKESM1-0-LL,tas_day_UKESM1-0-LL_piControl_r1i1p1f2_gn_24500101-25491230.nc,http://esgf3.dkrz.de/thredds/fileServer/cmip6/CMIP/MOHC/UKESM1-0-LL/piControl/r1i1p1f2/day/tas/gn/v20191008/tas_day_UKESM1-0-LL_piControl_r1i1p1f2_gn_24500101-25491230.nc,http://esgf3.dkrz.de/thredds/dodsC/cmip6/CMIP/MOHC/UKESM1-0-LL/piControl/r1i1p1f2/day/tas/gn/v20191008/tas_day_UKESM1-0-LL_piControl_r1i1p1f2_gn_24500101-25491230.nc,1,1,1,2,r1i1p1f2,piControl,tas,day,False
94,UKESM1-0-LL,tas_day_UKESM1-0-LL_piControl_r1i1p1f2_gn_25500101-26491230.nc,http://esgf3.dkrz.de/thredds/fileServer/cmip6/CMIP/MOHC/UKESM1-0-LL/piControl/r1i1p1f2/day/tas/gn/v20191008/tas_day_UKESM1-0-LL_piControl_r1i1p1f2_gn_25500101-26491230.nc,http://esgf3.dkrz.de/thredds/dodsC/cmip6/CMIP/MOHC/UKESM1-0-LL/piControl/r1i1p1f2/day/tas/gn/v20191008/tas_day_UKESM1-0-LL_piControl_r1i1p1f2_gn_25500101-26491230.nc,1,1,1,2,r1i1p1f2,piControl,tas,day,False
95,UKESM1-0-LL,tas_day_UKESM1-0-LL_piControl_r1i1p1f2_gn_26500101-27491230.nc,http://esgf3.dkrz.de/thredds/fileServer/cmip6/CMIP/MOHC/UKESM1-0-LL/piControl/r1i1p1f2/day/tas/gn/v20191008/tas_day_UKESM1-0-LL_piControl_r1i1p1f2_gn_26500101-27491230.nc,http://esgf3.dkrz.de/thredds/dodsC/cmip6/CMIP/MOHC/UKESM1-0-LL/piControl/r1i1p1f2/day/tas/gn/v20191008/tas_day_UKESM1-0-LL_piControl_r1i1p1f2_gn_26500101-27491230.nc,1,1,1,2,r1i1p1f2,piControl,tas,day,False
96,UKESM1-0-LL,tas_day_UKESM1-0-LL_piControl_r1i1p1f2_gn_27500101-28491230.nc,http://esgf3.dkrz.de/thredds/fileServer/cmip6/CMIP/MOHC/UKESM1-0-LL/piControl/r1i1p1f2/day/tas/gn/v20191008/tas_day_UKESM1-0-LL_piControl_r1i1p1f2_gn_27500101-28491230.nc,http://esgf3.dkrz.de/thredds/dodsC/cmip6/CMIP/MOHC/UKESM1-0-LL/piControl/r1i1p1f2/day/tas/gn/v20191008/tas_day_UKESM1-0-LL_piControl_r1i1p1f2_gn_27500101-28491230.nc,1,1,1,2,r1i1p1f2,piControl,tas,day,False
97,UKESM1-0-LL,tas_day_UKESM1-0-LL_piControl_r1i1p1f2_gn_28500101-29491230.nc,http://esgf3.dkrz.de/thredds/fileServer/cmip6/CMIP/MOHC/UKESM1-0-LL/piControl/r1i1p1f2/day/tas/gn/v20191008/tas_day_UKESM1-0-LL_piControl_r1i1p1f2_gn_28500101-29491230.nc,http://esgf3.dkrz.de/thredds/dodsC/cmip6/CMIP/MOHC/UKESM1-0-LL/piControl/r1i1p1f2/day/tas/gn/v20191008/tas_day_UKESM1-0-LL_piControl_r1i1p1f2_gn_28500101-29491230.nc,1,1,1,2,r1i1p1f2,piControl,tas,day,False
98,UKESM1-0-LL,tas_day_UKESM1-0-LL_piControl_r1i1p1f2_gn_29500101-30491230.nc,http://esgf3.dkrz.de/thredds/fileServer/cmip6/CMIP/MOHC/UKESM1-0-LL/piControl/r1i1p1f2/day/tas/gn/v20191008/tas_day_UKESM1-0-LL_piControl_r1i1p1f2_gn_29500101-30491230.nc,http://esgf3.dkrz.de/thredds/dodsC/cmip6/CMIP/MOHC/UKESM1-0-LL/piControl/r1i1p1f2/day/tas/gn/v20191008/tas_day_UKESM1-0-LL_piControl_r1i1p1f2_gn_29500101-30491230.nc,1,1,1,2,r1i1p1f2,piControl,tas,day,False
99,UKESM1-0-LL,tas_day_UKESM1-0-LL_piControl_r1i1p1f2_gn_30500101-30591230.nc,http://esgf3.dkrz.de/thredds/fileServer/cmip6/CMIP/MOHC/UKESM1-0-LL/piControl/r1i1p1f2/day/tas/gn/v20191008/tas_day_UKESM1-0-LL_piControl_r1i1p1f2_gn_30500101-30591230.nc,http://esgf3.dkrz.de/thredds/dodsC/cmip6/CMIP/MOHC/UKESM1-0-LL/piControl/r1i1p1f2/day/tas/gn/v20191008/tas_day_UKESM1-0-LL_piControl_r1i1p1f2_gn_30500101-30591230.nc,1,1,1,2,r1i1p1f2,piControl,tas,day,False
100,UKESM1-0-LL,hurs_day_UKESM1-0-LL_piControl_r1i1p1f2_gn_19600101-20491230.nc,http://esgf3.dkrz.de/thredds/fileServer/cmip6/CMIP/MOHC/UKESM1-0-LL/piControl/r1i1p1f2/day/hurs/gn/v20190827/hurs_day_UKESM1-0-LL_piControl_r1i1p1f2_gn_19600101-20491230.nc,http://esgf3.dkrz.de/thredds/dodsC/cmip6/CMIP/MOHC/UKESM1-0-LL/piControl/r1i1p1f2/day/hurs/gn/v20190827/hurs_day_UKESM1-0-LL_piControl_r1i1p1f2_gn_19600101-20491230.nc,1,1,1,2,r1i1p1f2,piControl,hurs,day,False
101,UKESM1-0-LL,hurs_day_UKESM1-0-LL_piControl_r1i1p1f2_gn_20500101-21491230.nc,http://esgf3.dkrz.de/thredds/fileServer/cmip6/CMIP/MOHC/UKESM1-0-LL/piControl/r1i1p1f2/day/hurs/gn/v20190827/hurs_day_UKESM1-0-LL_piControl_r1i1p1f2_gn_20500101-21491230.nc,http://esgf3.dkrz.de/thredds/dodsC/cmip6/CMIP/MOHC/UKESM1-0-LL/piControl/r1i1p1f2/day/hurs/gn/v20190827/hurs_day_UKESM1-0-LL_piControl_r1i1p1f2_gn_20500101-21491230.nc,1,1,1,2,r1i1p1f2,piControl,hurs,day,False
102,UKESM1-0-LL,hurs_day_UKESM1-0-LL_piControl_r1i1p1f2_gn_21500101-22491230.nc,http://esgf3.dkrz.de/thredds/fileServer/cmip6/CMIP/MOHC/UKESM1-0-LL/piControl/r1i1p1f2/day/hurs/gn/v20190827/hurs_day_UKESM1-0-LL_piControl_r1i1p1f2_gn_21500101-22491230.nc,http://esgf3.dkrz.de/thredds/dodsC/cmip6/CMIP/MOHC/UKESM1-0-LL/piControl/r1i1p1f2/day/hurs/gn/v20190827/hurs_day_UKESM1-0-LL_piControl_r1i1p1f2_gn_21500101-22491230.nc,1,1,1,2,r1i1p1f2,piControl,hurs,day,False
103,UKESM1-0-LL,hurs_day_UKESM1-0-LL_piControl_r1i1p1f2_gn_22500101-23491230.nc,http://esgf3.dkrz.de/thredds/fileServer/cmip6/CMIP/MOHC/UKESM1-0-LL/piControl/r1i1p1f2/day/hurs/gn/v20190827/hurs_day_UKESM1-0-LL_piControl_r1i1p1f2_gn_22500101-23491230.nc,http://esgf3.dkrz.de/thredds/dodsC/cmip6/CMIP/MOHC/UKESM1-0-LL/piControl/r1i1p1f2/day/hurs/gn/v20190827/hurs_day_UKESM1-0-LL_piControl_r1i1p1f2_gn_22500101-23491230.nc,1,1,1,2,r1i1p1f2,piControl,hurs,day,False
104,UKESM1-0-LL,hurs_day_UKESM1-0-LL_piControl_r1i1p1f2_gn_23500101-24491230.nc,http://esgf3.dkrz.de/thredds/fileServer/cmip6/CMIP/MOHC/UKESM1-0-LL/piControl/r1i1p1f2/day/hurs/gn/v20190827/hurs_day_UKESM1-0-LL_piControl_r1i1p1f2_gn_23500101-24491230.nc,http://esgf3.dkrz.de/thredds/dodsC/cmip6/CMIP/MOHC/UKESM1-0-LL/piControl/r1i1p1f2/day/hurs/gn/v20190827/hurs_day_UKESM1-0-LL_piControl_r1i1p1f2_gn_23500101-24491230.nc,1,1,1,2,r1i1p1f2,piControl,hurs,day,False
105,UKESM1-0-LL,hurs_day_UKESM1-0-LL_piControl_r1i1p1f2_gn_24500101-25491230.nc,http://esgf3.dkrz.de/thredds/fileServer/cmip6/CMIP/MOHC/UKESM1-0-LL/piControl/r1i1p1f2/day/hurs/gn/v20190827/hurs_day_UKESM1-0-LL_piControl_r1i1p1f2_gn_24500101-25491230.nc,http://esgf3.dkrz.de/thredds/dodsC/cmip6/CMIP/MOHC/UKESM1-0-LL/piControl/r1i1p1f2/day/hurs/gn/v20190827/hurs_day_UKESM1-0-LL_piControl_r1i1p1f2_gn_24500101-25491230.nc,1,1,1,2,r1i1p1f2,piControl,hurs,day,False
106,UKESM1-0-LL,hurs_day_UKESM1-0-LL_piControl_r1i1p1f2_gn_25500101-26491230.nc,http://esgf3.dkrz.de/thredds/fileServer/cmip6/CMIP/MOHC/UKESM1-0-LL/piControl/r1i1p1f2/day/hurs/gn/v20190827/hurs_day_UKESM1-0-LL_piControl_r1i1p1f2_gn_25500101-26491230.nc,http://esgf3.dkrz.de/thredds/dodsC/cmip6/CMIP/MOHC/UKESM1-0-LL/piControl/r1i1p1f2/day/hurs/gn/v20190827/hurs_day_UKESM1-0-LL_piControl_r1i1p1f2_gn_25500101-26491230.nc,1,1,1,2,r1i1p1f2,piControl,hurs,day,False
107,UKESM1-0-LL,hurs_day_UKESM1-0-LL_piControl_r1i1p1f2_gn_26500101-27491230.nc,http://esgf3.dkrz.de/thredds/fileServer/cmip6/CMIP/MOHC/UKESM1-0-LL/piControl/r1i1p1f2/day/hurs/gn/v20190827/hurs_day_UKESM1-0-LL_piControl_r1i1p1f2_gn_26500101-27491230.nc,http://esgf3.dkrz.de/thredds/dodsC/cmip6/CMIP/MOHC/UKESM1-0-LL/piControl/r1i1p1f2/day/hurs/gn/v20190827/hurs_day_UKESM1-0-LL_piControl_r1i1p1f2_gn_26500101-27491230.nc,1,1,1,2,r1i1p1f2,piControl,hurs,day,False
108,UKESM1-0-LL,hurs_day_UKESM1-0-LL_piControl_r1i1p1f2_gn_27500101-28491230.nc,http://esgf3.dkrz.de/thredds/fileServer/cmip6/CMIP/MOHC/UKESM1-0-LL/piControl/r1i1p1f2/day/hurs/gn/v20190827/hurs_day_UKESM1-0-LL_piControl_r1i1p1f2_gn_27500101-28491230.nc,http://esgf3.dkrz.de/thredds/dodsC/cmip6/CMIP/MOHC/UKESM1-0-LL/piControl/r1i1p1f2/day/hurs/gn/v20190827/hurs_day_UKESM1-0-LL_piControl_r1i1p1f2_gn_27500101-28491230.nc,1,1,1,2,r1i1p1f2,piControl,hurs,day,False
109,UKESM1-0-LL,hurs_day_UKESM1-0-LL_piControl_r1i1p1f2_gn_28500101-29491230.nc,http://esgf3.dkrz.de/thredds/fileServer/cmip6/CMIP/MOHC/UKESM1-0-LL/piControl/r1i1p1f2/day/hurs/gn/v20190827/hurs_day_UKESM1-0-LL_piControl_r1i1p1f2_gn_28500101-29491230.nc,http://esgf3.dkrz.de/thredds/dodsC/cmip6/CMIP/MOHC/UKESM1-0-LL/piControl/r1i1p1f2/day/hurs/gn/v20190827/hurs_day_UKESM1-0-LL_piControl_r1i1p1f2_gn_28500101-29491230.nc,1,1,1,2,r1i1p1f2,piControl,hurs,day,False
110,UKESM1-0-LL,hurs_day_UKESM1-0-LL_piControl_r1i1p1f2_gn_29500101-30491230.nc,http://esgf3.dkrz.de/thredds/fileServer/cmip6/CMIP/MOHC/UKESM1-0-LL/piControl/r1i1p1f2/day/hurs/gn/v20190827/hurs_day_UKESM1-0-LL_piControl_r1i1p1f2_gn_29500101-30491230.nc,http://esgf3.dkrz.de/thredds/dodsC/cmip6/CMIP/MOHC/UKESM1-0-LL/piControl/r1i1p1f2/day/hurs/gn/v20190827/hurs_day_UKESM1-0-LL_piControl_r1i1p1f2_gn_29500101-30491230.nc,1,1,1,2,r1i1p1f2,piControl,hurs,day,False
111,UKESM1-0-LL,hurs_day_UKESM1-0-LL_piControl_r1i1p1f2_gn_30500101-30591230.nc,http://esgf3.dkrz.de/thredds/fileServer/cmip6/CMIP/MOHC/UKESM1-0-LL/piControl/r1i1p1f2/day/hurs/gn/v20190827/hurs_day_UKESM1-0-LL_piControl_r1i1p1f2_gn_30500101-30591230.nc,http://esgf3.dkrz.de/thredds/dodsC/cmip6/CMIP/MOHC/UKESM1-0-LL/piControl/r1i1p1f2/day/hurs/gn/v20190827/hurs_day_UKESM1-0-LL_piControl_r1i1p1f2_gn_30500101-30591230.nc,1,1,1,2,r1i1p1f2,piControl,hurs,day,False
112,UKESM1-0-LL,huss_day_UKESM1-0-LL_abrupt-4xCO2_r1i1p1f2_gn_18500101-19491230.nc,http://esgf3.dkrz.de/thredds/fileServer/cmip6/CMIP/MOHC/UKESM1-0-LL/abrupt-4xCO2/r1i1p1f2/day/huss/gn/v20190701/huss_day_UKESM1-0-LL_abrupt-4xCO2_r1i1p1f2_gn_18500101-19491230.nc,http://esgf3.dkrz.de/thredds/dodsC/cmip6/CMIP/MOHC/UKESM1-0-LL/abrupt-4xCO2/r1i1p1f2/day/huss/gn/v20190701/huss_day_UKESM1-0-LL_abrupt-4xCO2_r1i1p1f2_gn_18500101-19491230.nc,1,1,1,2,r1i1p1f2,abrupt-4xCO2,huss,day,False
113,UKESM1-0-LL,huss_day_UKESM1-0-LL_abrupt-4xCO2_r1i1p1f2_gn_19500101-19991230.nc,http://esgf3.dkrz.de/thredds/fileServer/cmip6/CMIP/MOHC/UKESM1-0-LL/abrupt-4xCO2/r1i1p1f2/day/huss/gn/v20190701/huss_day_UKESM1-0-LL_abrupt-4xCO2_r1i1p1f2_gn_19500101-19991230.nc,http://esgf3.dkrz.de/thredds/dodsC/cmip6/CMIP/MOHC/UKESM1-0-LL/abrupt-4xCO2/r1i1p1f2/day/huss/gn/v20190701/huss_day_UKESM1-0-LL_abrupt-4xCO2_r1i1p1f2_gn_19500101-19991230.nc,1,1,1,2,r1i1p1f2,abrupt-4xCO2,huss,day,False
114,UKESM1-0-LL,tas_day_UKESM1-0-LL_abrupt-4xCO2_r1i1p1f2_gn_18500101-19491230.nc,http://esgf3.dkrz.de/thredds/fileServer/cmip6/CMIP/MOHC/UKESM1-0-LL/abrupt-4xCO2/r1i1p1f2/day/tas/gn/v20190701/tas_day_UKESM1-0-LL_abrupt-4xCO2_r1i1p1f2_gn_18500101-19491230.nc,http://esgf3.dkrz.de/thredds/dodsC/cmip6/CMIP/MOHC/UKESM1-0-LL/abrupt-4xCO2/r1i1p1f2/day/tas/gn/v20190701/tas_day_UKESM1-0-LL_abrupt-4xCO2_r1i1p1f2_gn_18500101-19491230.nc,1,1,1,2,r1i1p1f2,abrupt-4xCO2,tas,day,False
115,UKESM1-0-LL,tas_day_UKESM1-0-LL_abrupt-4xCO2_r1i1p1f2_gn_19500101-19991230.nc,http://esgf3.dkrz.de/thredds/fileServer/cmip6/CMIP/MOHC/UKESM1-0-LL/abrupt-4xCO2/r1i1p1f2/day/tas/gn/v20190701/tas_day_UKESM1-0-LL_abrupt-4xCO2_r1i1p1f2_gn_19500101-19991230.nc,http://esgf3.dkrz.de/thredds/dodsC/cmip6/CMIP/MOHC/UKESM1-0-LL/abrupt-4xCO2/r1i1p1f2/day/tas/gn/v20190701/tas_day_UKESM1-0-LL_abrupt-4xCO2_r1i1p1f2_gn_19500101-19991230.nc,1,1,1,2,r1i1p1f2,abrupt-4xCO2,tas,day,False
116,UKESM1-0-LL,hurs_day_UKESM1-0-LL_abrupt-4xCO2_r1i1p1f2_gn_18500101-19491230.nc,http://esgf3.dkrz.de/thredds/fileServer/cmip6/CMIP/MOHC/UKESM1-0-LL/abrupt-4xCO2/r1i1p1f2/day/hurs/gn/v20190701/hurs_day_UKESM1-0-LL_abrupt-4xCO2_r1i1p1f2_gn_18500101-19491230.nc,http://esgf3.dkrz.de/thredds/dodsC/cmip6/CMIP/MOHC/UKESM1-0-LL/abrupt-4xCO2/r1i1p1f2/day/hurs/gn/v20190701/hurs_day_UKESM1-0-LL_abrupt-4xCO2_r1i1p1f2_gn_18500101-19491230.nc,1,1,1,2,r1i1p1f2,abrupt-4xCO2,hurs,day,False
117,UKESM1-0-LL,hurs_day_UKESM1-0-LL_abrupt-4xCO2_r1i1p1f2_gn_19500101-19991230.nc,http://esgf3.dkrz.de/thredds/fileServer/cmip6/CMIP/MOHC/UKESM1-0-LL/abrupt-4xCO2/r1i1p1f2/day/hurs/gn/v20190701/hurs_day_UKESM1-0-LL_abrupt-4xCO2_r1i1p1f2_gn_19500101-19991230.nc,http://esgf3.dkrz.de/thredds/dodsC/cmip6/CMIP/MOHC/UKESM1-0-LL/abrupt-4xCO2/r1i1p1f2/day/hurs/gn/v20190701/hurs_day_UKESM1-0-LL_abrupt-4xCO2_r1i1p1f2_gn_19500101-19991230.nc,1,1,1,2,r1i1p1f2,abrupt-4xCO2,hurs,day,False
118,UKESM1-0-LL,ps_CFday_UKESM1-0-LL_abrupt-4xCO2_r1i1p1f2_gn_18500101-19491230.nc,http://esgf3.dkrz.de/thredds/fileServer/cmip6/CMIP/MOHC/UKESM1-0-LL/abrupt-4xCO2/r1i1p1f2/CFday/ps/gn/v20190701/ps_CFday_UKESM1-0-LL_abrupt-4xCO2_r1i1p1f2_gn_18500101-19491230.nc,http://esgf3.dkrz.de/thredds/dodsC/cmip6/CMIP/MOHC/UKESM1-0-LL/abrupt-4xCO2/r1i1p1f2/CFday/ps/gn/v20190701/ps_CFday_UKESM1-0-LL_abrupt-4xCO2_r1i1p1f2_gn_18500101-19491230.nc,1,1,1,2,r1i1p1f2,abrupt-4xCO2,ps,day,False
119,UKESM1-0-LL,ps_CFday_UKESM1-0-LL_abrupt-4xCO2_r1i1p1f2_gn_19500101-19991230.nc,http://esgf3.dkrz.de/thredds/fileServer/cmip6/CMIP/MOHC/UKESM1-0-LL/abrupt-4xCO2/r1i1p1f2/CFday/ps/gn/v20190701/ps_CFday_UKESM1-0-LL_abrupt-4xCO2_r1i1p1f2_gn_19500101-19991230.nc,http://esgf3.dkrz.de/thredds/dodsC/cmip6/CMIP/MOHC/UKESM1-0-LL/abrupt-4xCO2/r1i1p1f2/CFday/ps/gn/v20190701/ps_CFday_UKESM1-0-LL_abrupt-4xCO2_r1i1p1f2_gn_19500101-19991230.nc,1,1,1,2,r1i1p1f2,abrupt-4xCO2,ps,day,False
120,UKESM1-0-LL,huss_day_UKESM1-0-LL_piControl_r1i1p1f2_gn_19600101-20491230.nc,http://esgf-data1.llnl.gov/thredds/fileServer/css03_data/CMIP6/CMIP/MOHC/UKESM1-0-LL/piControl/r1i1p1f2/day/huss/gn/v20190827/huss_day_UKESM1-0-LL_piControl_r1i1p1f2_gn_19600101-20491230.nc,http://esgf-data1.llnl.gov/thredds/dodsC/css03_data/CMIP6/CMIP/MOHC/UKESM1-0-LL/piControl/r1i1p1f2/day/huss/gn/v20190827/huss_day_UKESM1-0-LL_piControl_r1i1p1f2_gn_19600101-20491230.nc,1,1,1,2,r1i1p1f2,piControl,huss,day,False
121,UKESM1-0-LL,huss_day_UKESM1-0-LL_piControl_r1i1p1f2_gn_20500101-21491230.nc,http://esgf-data1.llnl.gov/thredds/fileServer/css03_data/CMIP6/CMIP/MOHC/UKESM1-0-LL/piControl/r1i1p1f2/day/huss/gn/v20190827/huss_day_UKESM1-0-LL_piControl_r1i1p1f2_gn_20500101-21491230.nc,http://esgf-data1.llnl.gov/thredds/dodsC/css03_data/CMIP6/CMIP/MOHC/UKESM1-0-LL/piControl/r1i1p1f2/day/huss/gn/v20190827/huss_day_UKESM1-0-LL_piControl_r1i1p1f2_gn_20500101-21491230.nc,1,1,1,2,r1i1p1f2,piControl,huss,day,False
122,UKESM1-0-LL,huss_day_UKESM1-0-LL_piControl_r1i1p1f2_gn_21500101-22491230.nc,http://esgf-data1.llnl.gov/thredds/fileServer/css03_data/CMIP6/CMIP/MOHC/UKESM1-0-LL/piControl/r1i1p1f2/day/huss/gn/v20190827/huss_day_UKESM1-0-LL_piControl_r1i1p1f2_gn_21500101-22491230.nc,http://esgf-data1.llnl.gov/thredds/dodsC/css03_data/CMIP6/CMIP/MOHC/UKESM1-0-LL/piControl/r1i1p1f2/day/huss/gn/v20190827/huss_day_UKESM1-0-LL_piControl_r1i1p1f2_gn_21500101-22491230.nc,1,1,1,2,r1i1p1f2,piControl,huss,day,False
123,UKESM1-0-LL,huss_day_UKESM1-0-LL_piControl_r1i1p1f2_gn_22500101-23491230.nc,http://esgf-data1.llnl.gov/thredds/fileServer/css03_data/CMIP6/CMIP/MOHC/UKESM1-0-LL/piControl/r1i1p1f2/day/huss/gn/v20190827/huss_day_UKESM1-0-LL_piControl_r1i1p1f2_gn_22500101-23491230.nc,http://esgf-data1.llnl.gov/thredds/dodsC/css03_data/CMIP6/CMIP/MOHC/UKESM1-0-LL/piControl/r1i1p1f2/day/huss/gn/v20190827/huss_day_UKESM1-0-LL_piControl_r1i1p1f2_gn_22500101-23491230.nc,1,1,1,2,r1i1p1f2,piControl,huss,day,False
124,UKESM1-0-LL,huss_day_UKESM1-0-LL_piControl_r1i1p1f2_gn_23500101-24491230.nc,http://esgf-data1.llnl.gov/thredds/fileServer/css03_data/CMIP6/CMIP/MOHC/UKESM1-0-LL/piControl/r1i1p1f2/day/huss/gn/v20190827/huss_day_UKESM1-0-LL_piControl_r1i1p1f2_gn_23500101-24491230.nc,http://esgf-data1.llnl.gov/thredds/dodsC/css03_data/CMIP6/CMIP/MOHC/UKESM1-0-LL/piControl/r1i1p1f2/day/huss/gn/v20190827/huss_day_UKESM1-0-LL_piControl_r1i1p1f2_gn_23500101-24491230.nc,1,1,1,2,r1i1p1f2,piControl,huss,day,False
125,UKESM1-0-LL,huss_day_UKESM1-0-LL_piControl_r1i1p1f2_gn_24500101-25491230.nc,http://esgf-data1.llnl.gov/thredds/fileServer/css03_data/CMIP6/CMIP/MOHC/UKESM1-0-LL/piControl/r1i1p1f2/day/huss/gn/v20190827/huss_day_UKESM1-0-LL_piControl_r1i1p1f2_gn_24500101-25491230.nc,http://esgf-data1.llnl.gov/thredds/dodsC/css03_data/CMIP6/CMIP/MOHC/UKESM1-0-LL/piControl/r1i1p1f2/day/huss/gn/v20190827/huss_day_UKESM1-0-LL_piControl_r1i1p1f2_gn_24500101-25491230.nc,1,1,1,2,r1i1p1f2,piControl,huss,day,False
126,UKESM1-0-LL,huss_day_UKESM1-0-LL_piControl_r1i1p1f2_gn_25500101-26491230.nc,http://esgf-data1.llnl.gov/thredds/fileServer/css03_data/CMIP6/CMIP/MOHC/UKESM1-0-LL/piControl/r1i1p1f2/day/huss/gn/v20190827/huss_day_UKESM1-0-LL_piControl_r1i1p1f2_gn_25500101-26491230.nc,http://esgf-data1.llnl.gov/thredds/dodsC/css03_data/CMIP6/CMIP/MOHC/UKESM1-0-LL/piControl/r1i1p1f2/day/huss/gn/v20190827/huss_day_UKESM1-0-LL_piControl_r1i1p1f2_gn_25500101-26491230.nc,1,1,1,2,r1i1p1f2,piControl,huss,day,False
127,UKESM1-0-LL,huss_day_UKESM1-0-LL_piControl_r1i1p1f2_gn_26500101-27491230.nc,http://esgf-data1.llnl.gov/thredds/fileServer/css03_data/CMIP6/CMIP/MOHC/UKESM1-0-LL/piControl/r1i1p1f2/day/huss/gn/v20190827/huss_day_UKESM1-0-LL_piControl_r1i1p1f2_gn_26500101-27491230.nc,http://esgf-data1.llnl.gov/thredds/dodsC/css03_data/CMIP6/CMIP/MOHC/UKESM1-0-LL/piControl/r1i1p1f2/day/huss/gn/v20190827/huss_day_UKESM1-0-LL_piControl_r1i1p1f2_gn_26500101-27491230.nc,1,1,1,2,r1i1p1f2,piControl,huss,day,False
128,UKESM1-0-LL,huss_day_UKESM1-0-LL_piControl_r1i1p1f2_gn_27500101-28491230.nc,http://esgf-data1.llnl.gov/thredds/fileServer/css03_data/CMIP6/CMIP/MOHC/UKESM1-0-LL/piControl/r1i1p1f2/day/huss/gn/v20190827/huss_day_UKESM1-0-LL_piControl_r1i1p1f2_gn_27500101-28491230.nc,http://esgf-data1.llnl.gov/thredds/dodsC/css03_data/CMIP6/CMIP/MOHC/UKESM1-0-LL/piControl/r1i1p1f2/day/huss/gn/v20190827/huss_day_UKESM1-0-LL_piControl_r1i1p1f2_gn_27500101-28491230.nc,1,1,1,2,r1i1p1f2,piControl,huss,day,False
129,UKESM1-0-LL,huss_day_UKESM1-0-LL_piControl_r1i1p1f2_gn_28500101-29491230.nc,http://esgf-data1.llnl.gov/thredds/fileServer/css03_data/CMIP6/CMIP/MOHC/UKESM1-0-LL/piControl/r1i1p1f2/day/huss/gn/v20190827/huss_day_UKESM1-0-LL_piControl_r1i1p1f2_gn_28500101-29491230.nc,http://esgf-data1.llnl.gov/thredds/dodsC/css03_data/CMIP6/CMIP/MOHC/UKESM1-0-LL/piControl/r1i1p1f2/day/huss/gn/v20190827/huss_day_UKESM1-0-LL_piControl_r1i1p1f2_gn_28500101-29491230.nc,1,1,1,2,r1i1p1f2,piControl,huss,day,False
130,UKESM1-0-LL,huss_day_UKESM1-0-LL_piControl_r1i1p1f2_gn_29500101-30491230.nc,http://esgf-data1.llnl.gov/thredds/fileServer/css03_data/CMIP6/CMIP/MOHC/UKESM1-0-LL/piControl/r1i1p1f2/day/huss/gn/v20190827/huss_day_UKESM1-0-LL_piControl_r1i1p1f2_gn_29500101-30491230.nc,http://esgf-data1.llnl.gov/thredds/dodsC/css03_data/CMIP6/CMIP/MOHC/UKESM1-0-LL/piControl/r1i1p1f2/day/huss/gn/v20190827/huss_day_UKESM1-0-LL_piControl_r1i1p1f2_gn_29500101-30491230.nc,1,1,1,2,r1i1p1f2,piControl,huss,day,False
131,UKESM1-0-LL,huss_day_UKESM1-0-LL_piControl_r1i1p1f2_gn_30500101-30591230.nc,http://esgf-data1.llnl.gov/thredds/fileServer/css03_data/CMIP6/CMIP/MOHC/UKESM1-0-LL/piControl/r1i1p1f2/day/huss/gn/v20190827/huss_day_UKESM1-0-LL_piControl_r1i1p1f2_gn_30500101-30591230.nc,http://esgf-data1.llnl.gov/thredds/dodsC/css03_data/CMIP6/CMIP/MOHC/UKESM1-0-LL/piControl/r1i1p1f2/day/huss/gn/v20190827/huss_day_UKESM1-0-LL_piControl_r1i1p1f2_gn_30500101-30591230.nc,1,1,1,2,r1i1p1f2,piControl,huss,day,False
132,UKESM1-0-LL,tas_day_UKESM1-0-LL_piControl_r1i1p1f2_gn_19600101-20491230.nc,http://esgf-data1.llnl.gov/thredds/fileServer/css03_data/CMIP6/CMIP/MOHC/UKESM1-0-LL/piControl/r1i1p1f2/day/tas/gn/v20191008/tas_day_UKESM1-0-LL_piControl_r1i1p1f2_gn_19600101-20491230.nc,http://esgf-data1.llnl.gov/thredds/dodsC/css03_data/CMIP6/CMIP/MOHC/UKESM1-0-LL/piControl/r1i1p1f2/day/tas/gn/v20191008/tas_day_UKESM1-0-LL_piControl_r1i1p1f2_gn_19600101-20491230.nc,1,1,1,2,r1i1p1f2,piControl,tas,day,False
133,UKESM1-0-LL,tas_day_UKESM1-0-LL_piControl_r1i1p1f2_gn_20500101-21491230.nc,http://esgf-data1.llnl.gov/thredds/fileServer/css03_data/CMIP6/CMIP/MOHC/UKESM1-0-LL/piControl/r1i1p1f2/day/tas/gn/v20191008/tas_day_UKESM1-0-LL_piControl_r1i1p1f2_gn_20500101-21491230.nc,http://esgf-data1.llnl.gov/thredds/dodsC/css03_data/CMIP6/CMIP/MOHC/UKESM1-0-LL/piControl/r1i1p1f2/day/tas/gn/v20191008/tas_day_UKESM1-0-LL_piControl_r1i1p1f2_gn_20500101-21491230.nc,1,1,1,2,r1i1p1f2,piControl,tas,day,False
134,UKESM1-0-LL,tas_day_UKESM1-0-LL_piControl_r1i1p1f2_gn_21500101-22491230.nc,http://esgf-data1.llnl.gov/thredds/fileServer/css03_data/CMIP6/CMIP/MOHC/UKESM1-0-LL/piControl/r1i1p1f2/day/tas/gn/v20191008/tas_day_UKESM1-0-LL_piControl_r1i1p1f2_gn_21500101-22491230.nc,http://esgf-data1.llnl.gov/thredds/dodsC/css03_data/CMIP6/CMIP/MOHC/UKESM1-0-LL/piControl/r1i1p1f2/day/tas/gn/v20191008/tas_day_UKESM1-0-LL_piControl_r1i1p1f2_gn_21500101-22491230.nc,1,1,1,2,r1i1p1f2,piControl,tas,day,False
135,UKESM1-0-LL,tas_day_UKESM1-0-LL_piControl_r1i1p1f2_gn_22500101-23491230.nc,http://esgf-data1.llnl.gov/thredds/fileServer/css03_data/CMIP6/CMIP/MOHC/UKESM1-0-LL/piControl/r1i1p1f2/day/tas/gn/v20191008/tas_day_UKESM1-0-LL_piControl_r1i1p1f2_gn_22500101-23491230.nc,http://esgf-data1.llnl.gov/thredds/dodsC/css03_data/CMIP6/CMIP/MOHC/UKESM1-0-LL/piControl/r1i1p1f2/day/tas/gn/v20191008/tas_day_UKESM1-0-LL_piControl_r1i1p1f2_gn_22500101-23491230.nc,1,1,1,2,r1i1p1f2,piControl,tas,day,False
136,UKESM1-0-LL,tas_day_UKESM1-0-LL_piControl_r1i1p1f2_gn_23500101-24491230.nc,http://esgf-data1.llnl.gov/thredds/fileServer/css03_data/CMIP6/CMIP/MOHC/UKESM1-0-LL/piControl/r1i1p1f2/day/tas/gn/v20191008/tas_day_UKESM1-0-LL_piControl_r1i1p1f2_gn_23500101-24491230.nc,http://esgf-data1.llnl.gov/thredds/dodsC/css03_data/CMIP6/CMIP/MOHC/UKESM1-0-LL/piControl/r1i1p1f2/day/tas/gn/v20191008/tas_day_UKESM1-0-LL_piControl_r1i1p1f2_gn_23500101-24491230.nc,1,1,1,2,r1i1p1f2,piControl,tas,day,False
137,UKESM1-0-LL,tas_day_UKESM1-0-LL_piControl_r1i1p1f2_gn_24500101-25491230.nc,http://esgf-data1.llnl.gov/thredds/fileServer/css03_data/CMIP6/CMIP/MOHC/UKESM1-0-LL/piControl/r1i1p1f2/day/tas/gn/v20191008/tas_day_UKESM1-0-LL_piControl_r1i1p1f2_gn_24500101-25491230.nc,http://esgf-data1.llnl.gov/thredds/dodsC/css03_data/CMIP6/CMIP/MOHC/UKESM1-0-LL/piControl/r1i1p1f2/day/tas/gn/v20191008/tas_day_UKESM1-0-LL_piControl_r1i1p1f2_gn_24500101-25491230.nc,1,1,1,2,r1i1p1f2,piControl,tas,day,False
138,UKESM1-0-LL,tas_day_UKESM1-0-LL_piControl_r1i1p1f2_gn_25500101-26491230.nc,http://esgf-data1.llnl.gov/thredds/fileServer/css03_data/CMIP6/CMIP/MOHC/UKESM1-0-LL/piControl/r1i1p1f2/day/tas/gn/v20191008/tas_day_UKESM1-0-LL_piControl_r1i1p1f2_gn_25500101-26491230.nc,http://esgf-data1.llnl.gov/thredds/dodsC/css03_data/CMIP6/CMIP/MOHC/UKESM1-0-LL/piControl/r1i1p1f2/day/tas/gn/v20191008/tas_day_UKESM1-0-LL_piControl_r1i1p1f2_gn_25500101-26491230.nc,1,1,1,2,r1i1p1f2,piControl,tas,day,False
139,UKESM1-0-LL,tas_day_UKESM1-0-LL_piControl_r1i1p1f2_gn_26500101-27491230.nc,http://esgf-data1.llnl.gov/thredds/fileServer/css03_data/CMIP6/CMIP/MOHC/UKESM1-0-LL/piControl/r1i1p1f2/day/tas/gn/v20191008/tas_day_UKESM1-0-LL_piControl_r1i1p1f2_gn_26500101-27491230.nc,http://esgf-data1.llnl.gov/thredds/dodsC/css03_data/CMIP6/CMIP/MOHC/UKESM1-0-LL/piControl/r1i1p1f2/day/tas/gn/v20191008/tas_day_UKESM1-0-LL_piControl_r1i1p1f2_gn_26500101-27491230.nc,1,1,1,2,r1i1p1f2,piControl,tas,day,False
140,UKESM1-0-LL,tas_day_UKESM1-0-LL_piControl_r1i1p1f2_gn_27500101-28491230.nc,http://esgf-data1.llnl.gov/thredds/fileServer/css03_data/CMIP6/CMIP/MOHC/UKESM1-0-LL/piControl/r1i1p1f2/day/tas/gn/v20191008/tas_day_UKESM1-0-LL_piControl_r1i1p1f2_gn_27500101-28491230.nc,http://esgf-data1.llnl.gov/thredds/dodsC/css03_data/CMIP6/CMIP/MOHC/UKESM1-0-LL/piControl/r1i1p1f2/day/tas/gn/v20191008/tas_day_UKESM1-0-LL_piControl_r1i1p1f2_gn_27500101-28491230.nc,1,1,1,2,r1i1p1f2,piControl,tas,day,False
141,UKESM1-0-LL,tas_day_UKESM1-0-LL_piControl_r1i1p1f2_gn_28500101-29491230.nc,http://esgf-data1.llnl.gov/thredds/fileServer/css03_data/CMIP6/CMIP/MOHC/UKESM1-0-LL/piControl/r1i1p1f2/day/tas/gn/v20191008/tas_day_UKESM1-0-LL_piControl_r1i1p1f2_gn_28500101-29491230.nc,http://esgf-data1.llnl.gov/thredds/dodsC/css03_data/CMIP6/CMIP/MOHC/UKESM1-0-LL/piControl/r1i1p1f2/day/tas/gn/v20191008/tas_day_UKESM1-0-LL_piControl_r1i1p1f2_gn_28500101-29491230.nc,1,1,1,2,r1i1p1f2,piControl,tas,day,False
142,UKESM1-0-LL,tas_day_UKESM1-0-LL_piControl_r1i1p1f2_gn_29500101-30491230.nc,http://esgf-data1.llnl.gov/thredds/fileServer/css03_data/CMIP6/CMIP/MOHC/UKESM1-0-LL/piControl/r1i1p1f2/day/tas/gn/v20191008/tas_day_UKESM1-0-LL_piControl_r1i1p1f2_gn_29500101-30491230.nc,http://esgf-data1.llnl.gov/thredds/dodsC/css03_data/CMIP6/CMIP/MOHC/UKESM1-0-LL/piControl/r1i1p1f2/day/tas/gn/v20191008/tas_day_UKESM1-0-LL_piControl_r1i1p1f2_gn_29500101-30491230.nc,1,1,1,2,r1i1p1f2,piControl,tas,day,False
143,UKESM1-0-LL,tas_day_UKESM1-0-LL_piControl_r1i1p1f2_gn_30500101-30591230.nc,http://esgf-data1.llnl.gov/thredds/fileServer/css03_data/CMIP6/CMIP/MOHC/UKESM1-0-LL/piControl/r1i1p1f2/day/tas/gn/v20191008/tas_day_UKESM1-0-LL_piControl_r1i1p1f2_gn_30500101-30591230.nc,http://esgf-data1.llnl.gov/thredds/dodsC/css03_data/CMIP6/CMIP/MOHC/UKESM1-0-LL/piControl/r1i1p1f2/day/tas/gn/v20191008/tas_day_UKESM1-0-LL_piControl_r1i1p1f2_gn_30500101-30591230.nc,1,1,1,2,r1i1p1f2,piControl,tas,day,False
144,UKESM1-0-LL,ps_CFday_UKESM1-0-LL_piControl_r1i1p1f2_gn_19600101-20491230.nc,http://aims3.llnl.gov/thredds/fileServer/css03_data/CMIP6/CMIP/MOHC/UKESM1-0-LL/piControl/r1i1p1f2/CFday/ps/gn/v20190827/ps_CFday_UKESM1-0-LL_piControl_r1i1p1f2_gn_19600101-20491230.nc,http://aims3.llnl.gov/thredds/dodsC/css03_data/CMIP6/CMIP/MOHC/UKESM1-0-LL/piControl/r1i1p1f2/CFday/ps/gn/v20190827/ps_CFday_UKESM1-0-LL_piControl_r1i1p1f2_gn_19600101-20491230.nc,1,1,1,2,r1i1p1f2,piControl,ps,day,False
145,UKESM1-0-LL,ps_CFday_UKESM1-0-LL_piControl_r1i1p1f2_gn_20500101-21491230.nc,http://aims3.llnl.gov/thredds/fileServer/css03_data/CMIP6/CMIP/MOHC/UKESM1-0-LL/piControl/r1i1p1f2/CFday/ps/gn/v20190827/ps_CFday_UKESM1-0-LL_piControl_r1i1p1f2_gn_20500101-21491230.nc,http://aims3.llnl.gov/thredds/dodsC/css03_data/CMIP6/CMIP/MOHC/UKESM1-0-LL/piControl/r1i1p1f2/CFday/ps/gn/v20190827/ps_CFday_UKESM1-0-LL_piControl_r1i1p1f2_gn_20500101-21491230.nc,1,1,1,2,r1i1p1f2,piControl,ps,day,False
146,UKESM1-0-LL,ps_CFday_UKESM1-0-LL_piControl_r1i1p1f2_gn_21500101-22491230.nc,http://aims3.llnl.gov/thredds/fileServer/css03_data/CMIP6/CMIP/MOHC/UKESM1-0-LL/piControl/r1i1p1f2/CFday/ps/gn/v20190827/ps_CFday_UKESM1-0-LL_piControl_r1i1p1f2_gn_21500101-22491230.nc,http://aims3.llnl.gov/thredds/dodsC/css03_data/CMIP6/CMIP/MOHC/UKESM1-0-LL/piControl/r1i1p1f2/CFday/ps/gn/v20190827/ps_CFday_UKESM1-0-LL_piControl_r1i1p1f2_gn_21500101-22491230.nc,1,1,1,2,r1i1p1f2,piControl,ps,day,False
147,UKESM1-0-LL,ps_CFday_UKESM1-0-LL_piControl_r1i1p1f2_gn_22500101-23491230.nc,http://aims3.llnl.gov/thredds/fileServer/css03_data/CMIP6/CMIP/MOHC/UKESM1-0-LL/piControl/r1i1p1f2/CFday/ps/gn/v20190827/ps_CFday_UKESM1-0-LL_piControl_r1i1p1f2_gn_22500101-23491230.nc,http://aims3.llnl.gov/thredds/dodsC/css03_data/CMIP6/CMIP/MOHC/UKESM1-0-LL/piControl/r1i1p1f2/CFday/ps/gn/v20190827/ps_CFday_UKESM1-0-LL_piControl_r1i1p1f2_gn_22500101-23491230.nc,1,1,1,2,r1i1p1f2,piControl,ps,day,False
148,UKESM1-0-LL,ps_CFday_UKESM1-0-LL_piControl_r1i1p1f2_gn_23500101-24491230.nc,http://aims3.llnl.gov/thredds/fileServer/css03_data/CMIP6/CMIP/MOHC/UKESM1-0-LL/piControl/r1i1p1f2/CFday/ps/gn/v20190827/ps_CFday_UKESM1-0-LL_piControl_r1i1p1f2_gn_23500101-24491230.nc,http://aims3.llnl.gov/thredds/dodsC/css03_data/CMIP6/CMIP/MOHC/UKESM1-0-LL/piControl/r1i1p1f2/CFday/ps/gn/v20190827/ps_CFday_UKESM1-0-LL_piControl_r1i1p1f2_gn_23500101-24491230.nc,1,1,1,2,r1i1p1f2,piControl,ps,day,False
149,UKESM1-0-LL,ps_CFday_UKESM1-0-LL_piControl_r1i1p1f2_gn_24500101-25491230.nc,http://aims3.llnl.gov/thredds/fileServer/css03_data/CMIP6/CMIP/MOHC/UKESM1-0-LL/piControl/r1i1p1f2/CFday/ps/gn/v20190827/ps_CFday_UKESM1-0-LL_piControl_r1i1p1f2_gn_24500101-25491230.nc,http://aims3.llnl.gov/thredds/dodsC/css03_data/CMIP6/CMIP/MOHC/UKESM1-0-LL/piControl/r1i1p1f2/CFday/ps/gn/v20190827/ps_CFday_UKESM1-0-LL_piControl_r1i1p1f2_gn_24500101-25491230.nc,1,1,1,2,r1i1p1f2,piControl,ps,day,False
150,UKESM1-0-LL,ps_CFday_UKESM1-0-LL_piControl_r1i1p1f2_gn_25500101-26491230.nc,http://aims3.llnl.gov/thredds/fileServer/css03_data/CMIP6/CMIP/MOHC/UKESM1-0-LL/piControl/r1i1p1f2/CFday/ps/gn/v20190827/ps_CFday_UKESM1-0-LL_piControl_r1i1p1f2_gn_25500101-26491230.nc,http://aims3.llnl.gov/thredds/dodsC/css03_data/CMIP6/CMIP/MOHC/UKESM1-0-LL/piControl/r1i1p1f2/CFday/ps/gn/v20190827/ps_CFday_UKESM1-0-LL_piControl_r1i1p1f2_gn_25500101-26491230.nc,1,1,1,2,r1i1p1f2,piControl,ps,day,False
151,UKESM1-0-LL,ps_CFday_UKESM1-0-LL_piControl_r1i1p1f2_gn_26500101-27491230.nc,http://aims3.llnl.gov/thredds/fileServer/css03_data/CMIP6/CMIP/MOHC/UKESM1-0-LL/piControl/r1i1p1f2/CFday/ps/gn/v20190827/ps_CFday_UKESM1-0-LL_piControl_r1i1p1f2_gn_26500101-27491230.nc,http://aims3.llnl.gov/thredds/dodsC/css03_data/CMIP6/CMIP/MOHC/UKESM1-0-LL/piControl/r1i1p1f2/CFday/ps/gn/v20190827/ps_CFday_UKESM1-0-LL_piControl_r1i1p1f2_gn_26500101-27491230.nc,1,1,1,2,r1i1p1f2,piControl,ps,day,False
152,UKESM1-0-LL,ps_CFday_UKESM1-0-LL_piControl_r1i1p1f2_gn_27500101-28491230.nc,http://aims3.llnl.gov/thredds/fileServer/css03_data/CMIP6/CMIP/MOHC/UKESM1-0-LL/piControl/r1i1p1f2/CFday/ps/gn/v20190827/ps_CFday_UKESM1-0-LL_piControl_r1i1p1f2_gn_27500101-28491230.nc,http://aims3.llnl.gov/thredds/dodsC/css03_data/CMIP6/CMIP/MOHC/UKESM1-0-LL/piControl/r1i1p1f2/CFday/ps/gn/v20190827/ps_CFday_UKESM1-0-LL_piControl_r1i1p1f2_gn_27500101-28491230.nc,1,1,1,2,r1i1p1f2,piControl,ps,day,False
153,UKESM1-0-LL,ps_CFday_UKESM1-0-LL_piControl_r1i1p1f2_gn_28500101-29491230.nc,http://aims3.llnl.gov/thredds/fileServer/css03_data/CMIP6/CMIP/MOHC/UKESM1-0-LL/piControl/r1i1p1f2/CFday/ps/gn/v20190827/ps_CFday_UKESM1-0-LL_piControl_r1i1p1f2_gn_28500101-29491230.nc,http://aims3.llnl.gov/thredds/dodsC/css03_data/CMIP6/CMIP/MOHC/UKESM1-0-LL/piControl/r1i1p1f2/CFday/ps/gn/v20190827/ps_CFday_UKESM1-0-LL_piControl_r1i1p1f2_gn_28500101-29491230.nc,1,1,1,2,r1i1p1f2,piControl,ps,day,False
154,UKESM1-0-LL,ps_CFday_UKESM1-0-LL_piControl_r1i1p1f2_gn_29500101-30491230.nc,http://aims3.llnl.gov/thredds/fileServer/css03_data/CMIP6/CMIP/MOHC/UKESM1-0-LL/piControl/r1i1p1f2/CFday/ps/gn/v20190827/ps_CFday_UKESM1-0-LL_piControl_r1i1p1f2_gn_29500101-30491230.nc,http://aims3.llnl.gov/thredds/dodsC/css03_data/CMIP6/CMIP/MOHC/UKESM1-0-LL/piControl/r1i1p1f2/CFday/ps/gn/v20190827/ps_CFday_UKESM1-0-LL_piControl_r1i1p1f2_gn_29500101-30491230.nc,1,1,1,2,r1i1p1f2,piControl,ps,day,False
155,UKESM1-0-LL,ps_CFday_UKESM1-0-LL_piControl_r1i1p1f2_gn_30500101-30591230.nc,http://aims3.llnl.gov/thredds/fileServer/css03_data/CMIP6/CMIP/MOHC/UKESM1-0-LL/piControl/r1i1p1f2/CFday/ps/gn/v20190827/ps_CFday_UKESM1-0-LL_piControl_r1i1p1f2_gn_30500101-30591230.nc,http://aims3.llnl.gov/thredds/dodsC/css03_data/CMIP6/CMIP/MOHC/UKESM1-0-LL/piControl/r1i1p1f2/CFday/ps/gn/v20190827/ps_CFday_UKESM1-0-LL_piControl_r1i1p1f2_gn_30500101-30591230.nc,1,1,1,2,r1i1p1f2,piControl,ps,day,False
156,UKESM1-0-LL,ps_CFday_UKESM1-0-LL_abrupt-4xCO2_r1i1p1f2_gn_18500101-19491230.nc,http://aims3.llnl.gov/thredds/fileServer/css03_data/CMIP6/CMIP/MOHC/UKESM1-0-LL/abrupt-4xCO2/r1i1p1f2/CFday/ps/gn/v20190701/ps_CFday_UKESM1-0-LL_abrupt-4xCO2_r1i1p1f2_gn_18500101-19491230.nc,http://aims3.llnl.gov/thredds/dodsC/css03_data/CMIP6/CMIP/MOHC/UKESM1-0-LL/abrupt-4xCO2/r1i1p1f2/CFday/ps/gn/v20190701/ps_CFday_UKESM1-0-LL_abrupt-4xCO2_r1i1p1f2_gn_18500101-19491230.nc,1,1,1,2,r1i1p1f2,abrupt-4xCO2,ps,day,False
157,UKESM1-0-LL,ps_CFday_UKESM1-0-LL_abrupt-4xCO2_r1i1p1f2_gn_19500101-19991230.nc,http://aims3.llnl.gov/thredds/fileServer/css03_data/CMIP6/CMIP/MOHC/UKESM1-0-LL/abrupt-4xCO2/r1i1p1f2/CFday/ps/gn/v20190701/ps_CFday_UKESM1-0-LL_abrupt-4xCO2_r1i1p1f2_gn_19500101-19991230.nc,http://aims3.llnl.gov/thredds/dodsC/css03_data/CMIP6/CMIP/MOHC/UKESM1-0-LL/abrupt-4xCO2/r1i1p1f2/CFday/ps/gn/v20190701/ps_CFday_UKESM1-0-LL_abrupt-4xCO2_r1i1p1f2_gn_19500101-19991230.nc,1,1,1,2,r1i1p1f2,abrupt-4xCO2,ps,day,False
158,UKESM1-0-LL,hurs_day_UKESM1-0-LL_abrupt-4xCO2_r1i1p1f2_gn_18500101-19491230.nc,http://aims3.llnl.gov/thredds/fileServer/css03_data/CMIP6/CMIP/MOHC/UKESM1-0-LL/abrupt-4xCO2/r1i1p1f2/day/hurs/gn/v20190701/hurs_day_UKESM1-0-LL_abrupt-4xCO2_r1i1p1f2_gn_18500101-19491230.nc,http://aims3.llnl.gov/thredds/dodsC/css03_data/CMIP6/CMIP/MOHC/UKESM1-0-LL/abrupt-4xCO2/r1i1p1f2/day/hurs/gn/v20190701/hurs_day_UKESM1-0-LL_abrupt-4xCO2_r1i1p1f2_gn_18500101-19491230.nc,1,1,1,2,r1i1p1f2,abrupt-4xCO2,hurs,day,False
159,UKESM1-0-LL,hurs_day_UKESM1-0-LL_abrupt-4xCO2_r1i1p1f2_gn_19500101-19991230.nc,http://aims3.llnl.gov/thredds/fileServer/css03_data/CMIP6/CMIP/MOHC/UKESM1-0-LL/abrupt-4xCO2/r1i1p1f2/day/hurs/gn/v20190701/hurs_day_UKESM1-0-LL_abrupt-4xCO2_r1i1p1f2_gn_19500101-19991230.nc,http://aims3.llnl.gov/thredds/dodsC/css03_data/CMIP6/CMIP/MOHC/UKESM1-0-LL/abrupt-4xCO2/r1i1p1f2/day/hurs/gn/v20190701/hurs_day_UKESM1-0-LL_abrupt-4xCO2_r1i1p1f2_gn_19500101-19991230.nc,1,1,1,2,r1i1p1f2,abrupt-4xCO2,hurs,day,False
160,UKESM1-0-LL,hurs_day_UKESM1-0-LL_piControl_r1i1p1f2_gn_19600101-20491230.nc,http://esgf-data1.llnl.gov/thredds/fileServer/css03_data/CMIP6/CMIP/MOHC/UKESM1-0-LL/piControl/r1i1p1f2/day/hurs/gn/v20190827/hurs_day_UKESM1-0-LL_piControl_r1i1p1f2_gn_19600101-20491230.nc,http://esgf-data1.llnl.gov/thredds/dodsC/css03_data/CMIP6/CMIP/MOHC/UKESM1-0-LL/piControl/r1i1p1f2/day/hurs/gn/v20190827/hurs_day_UKESM1-0-LL_piControl_r1i1p1f2_gn_19600101-20491230.nc,1,1,1,2,r1i1p1f2,piControl,hurs,day,False
161,UKESM1-0-LL,hurs_day_UKESM1-0-LL_piControl_r1i1p1f2_gn_20500101-21491230.nc,http://esgf-data1.llnl.gov/thredds/fileServer/css03_data/CMIP6/CMIP/MOHC/UKESM1-0-LL/piControl/r1i1p1f2/day/hurs/gn/v20190827/hurs_day_UKESM1-0-LL_piControl_r1i1p1f2_gn_20500101-21491230.nc,http://esgf-data1.llnl.gov/thredds/dodsC/css03_data/CMIP6/CMIP/MOHC/UKESM1-0-LL/piControl/r1i1p1f2/day/hurs/gn/v20190827/hurs_day_UKESM1-0-LL_piControl_r1i1p1f2_gn_20500101-21491230.nc,1,1,1,2,r1i1p1f2,piControl,hurs,day,False
162,UKESM1-0-LL,hurs_day_UKESM1-0-LL_piControl_r1i1p1f2_gn_21500101-22491230.nc,http://esgf-data1.llnl.gov/thredds/fileServer/css03_data/CMIP6/CMIP/MOHC/UKESM1-0-LL/piControl/r1i1p1f2/day/hurs/gn/v20190827/hurs_day_UKESM1-0-LL_piControl_r1i1p1f2_gn_21500101-22491230.nc,http://esgf-data1.llnl.gov/thredds/dodsC/css03_data/CMIP6/CMIP/MOHC/UKESM1-0-LL/piControl/r1i1p1f2/day/hurs/gn/v20190827/hurs_day_UKESM1-0-LL_piControl_r1i1p1f2_gn_21500101-22491230.nc,1,1,1,2,r1i1p1f2,piControl,hurs,day,False
163,UKESM1-0-LL,hurs_day_UKESM1-0-LL_piControl_r1i1p1f2_gn_22500101-23491230.nc,http://esgf-data1.llnl.gov/thredds/fileServer/css03_data/CMIP6/CMIP/MOHC/UKESM1-0-LL/piControl/r1i1p1f2/day/hurs/gn/v20190827/hurs_day_UKESM1-0-LL_piControl_r1i1p1f2_gn_22500101-23491230.nc,http://esgf-data1.llnl.gov/thredds/dodsC/css03_data/CMIP6/CMIP/MOHC/UKESM1-0-LL/piControl/r1i1p1f2/day/hurs/gn/v20190827/hurs_day_UKESM1-0-LL_piControl_r1i1p1f2_gn_22500101-23491230.nc,1,1,1,2,r1i1p1f2,piControl,hurs,day,False
164,UKESM1-0-LL,hurs_day_UKESM1-0-LL_piControl_r1i1p1f2_gn_23500101-24491230.nc,http://esgf-data1.llnl.gov/thredds/fileServer/css03_data/CMIP6/CMIP/MOHC/UKESM1-0-LL/piControl/r1i1p1f2/day/hurs/gn/v20190827/hurs_day_UKESM1-0-LL_piControl_r1i1p1f2_gn_23500101-24491230.nc,http://esgf-data1.llnl.gov/thredds/dodsC/css03_data/CMIP6/CMIP/MOHC/UKESM1-0-LL/piControl/r1i1p1f2/day/hurs/gn/v20190827/hurs_day_UKESM1-0-LL_piControl_r1i1p1f2_gn_23500101-24491230.nc,1,1,1,2,r1i1p1f2,piControl,hurs,day,False
165,UKESM1-0-LL,hurs_day_UKESM1-0-LL_piControl_r1i1p1f2_gn_24500101-25491230.nc,http://esgf-data1.llnl.gov/thredds/fileServer/css03_data/CMIP6/CMIP/MOHC/UKESM1-0-LL/piControl/r1i1p1f2/day/hurs/gn/v20190827/hurs_day_UKESM1-0-LL_piControl_r1i1p1f2_gn_24500101-25491230.nc,http://esgf-data1.llnl.gov/thredds/dodsC/css03_data/CMIP6/CMIP/MOHC/UKESM1-0-LL/piControl/r1i1p1f2/day/hurs/gn/v20190827/hurs_day_UKESM1-0-LL_piControl_r1i1p1f2_gn_24500101-25491230.nc,1,1,1,2,r1i1p1f2,piControl,hurs,day,False
166,UKESM1-0-LL,hurs_day_UKESM1-0-LL_piControl_r1i1p1f2_gn_25500101-26491230.nc,http://esgf-data1.llnl.gov/thredds/fileServer/css03_data/CMIP6/CMIP/MOHC/UKESM1-0-LL/piControl/r1i1p1f2/day/hurs/gn/v20190827/hurs_day_UKESM1-0-LL_piControl_r1i1p1f2_gn_25500101-26491230.nc,http://esgf-data1.llnl.gov/thredds/dodsC/css03_data/CMIP6/CMIP/MOHC/UKESM1-0-LL/piControl/r1i1p1f2/day/hurs/gn/v20190827/hurs_day_UKESM1-0-LL_piControl_r1i1p1f2_gn_25500101-26491230.nc,1,1,1,2,r1i1p1f2,piControl,hurs,day,False
167,UKESM1-0-LL,hurs_day_UKESM1-0-LL_piControl_r1i1p1f2_gn_26500101-27491230.nc,http://esgf-data1.llnl.gov/thredds/fileServer/css03_data/CMIP6/CMIP/MOHC/UKESM1-0-LL/piControl/r1i1p1f2/day/hurs/gn/v20190827/hurs_day_UKESM1-0-LL_piControl_r1i1p1f2_gn_26500101-27491230.nc,http://esgf-data1.llnl.gov/thredds/dodsC/css03_data/CMIP6/CMIP/MOHC/UKESM1-0-LL/piControl/r1i1p1f2/day/hurs/gn/v20190827/hurs_day_UKESM1-0-LL_piControl_r1i1p1f2_gn_26500101-27491230.nc,1,1,1,2,r1i1p1f2,piControl,hurs,day,False
168,UKESM1-0-LL,hurs_day_UKESM1-0-LL_piControl_r1i1p1f2_gn_27500101-28491230.nc,http://esgf-data1.llnl.gov/thredds/fileServer/css03_data/CMIP6/CMIP/MOHC/UKESM1-0-LL/piControl/r1i1p1f2/day/hurs/gn/v20190827/hurs_day_UKESM1-0-LL_piControl_r1i1p1f2_gn_27500101-28491230.nc,http://esgf-data1.llnl.gov/thredds/dodsC/css03_data/CMIP6/CMIP/MOHC/UKESM1-0-LL/piControl/r1i1p1f2/day/hurs/gn/v20190827/hurs_day_UKESM1-0-LL_piControl_r1i1p1f2_gn_27500101-28491230.nc,1,1,1,2,r1i1p1f2,piControl,hurs,day,False
169,UKESM1-0-LL,hurs_day_UKESM1-0-LL_piControl_r1i1p1f2_gn_28500101-29491230.nc,http://esgf-data1.llnl.gov/thredds/fileServer/css03_data/CMIP6/CMIP/MOHC/UKESM1-0-LL/piControl/r1i1p1f2/day/hurs/gn/v20190827/hurs_day_UKESM1-0-LL_piControl_r1i1p1f2_gn_28500101-29491230.nc,http://esgf-data1.llnl.gov/thredds/dodsC/css03_data/CMIP6/CMIP/MOHC/UKESM1-0-LL/piControl/r1i1p1f2/day/hurs/gn/v20190827/hurs_day_UKESM1-0-LL_piControl_r1i1p1f2_gn_28500101-29491230.nc,1,1,1,2,r1i1p1f2,piControl,hurs,day,False
170,UKESM1-0-LL,hurs_day_UKESM1-0-LL_piControl_r1i1p1f2_gn_29500101-30491230.nc,http://esgf-data1.llnl.gov/thredds/fileServer/css03_data/CMIP6/CMIP/MOHC/UKESM1-0-LL/piControl/r1i1p1f2/day/hurs/gn/v20190827/hurs_day_UKESM1-0-LL_piControl_r1i1p1f2_gn_29500101-30491230.nc,http://esgf-data1.llnl.gov/thredds/dodsC/css03_data/CMIP6/CMIP/MOHC/UKESM1-0-LL/piControl/r1i1p1f2/day/hurs/gn/v20190827/hurs_day_UKESM1-0-LL_piControl_r1i1p1f2_gn_29500101-30491230.nc,1,1,1,2,r1i1p1f2,piControl,hurs,day,False
171,UKESM1-0-LL,hurs_day_UKESM1-0-LL_piControl_r1i1p1f2_gn_30500101-30591230.nc,http://esgf-data1.llnl.gov/thredds/fileServer/css03_data/CMIP6/CMIP/MOHC/UKESM1-0-LL/piControl/r1i1p1f2/day/hurs/gn/v20190827/hurs_day_UKESM1-0-LL_piControl_r1i1p1f2_gn_30500101-30591230.nc,http://esgf-data1.llnl.gov/thredds/dodsC/css03_data/CMIP6/CMIP/MOHC/UKESM1-0-LL/piControl/r1i1p1f2/day/hurs/gn/v20190827/hurs_day_UKESM1-0-LL_piControl_r1i1p1f2_gn_30500101-30591230.nc,1,1,1,2,r1i1p1f2,piControl,hurs,day,False
172,UKESM1-0-LL,huss_day_UKESM1-0-LL_abrupt-4xCO2_r1i1p1f2_gn_18500101-19491230.nc,https://esgf-data1.llnl.gov/thredds/fileServer/css03_data/CMIP6/CMIP/MOHC/UKESM1-0-LL/abrupt-4xCO2/r1i1p1f2/day/huss/gn/v20200703/huss_day_UKESM1-0-LL_abrupt-4xCO2_r1i1p1f2_gn_18500101-19491230.nc,https://esgf-data1.llnl.gov/thredds/dodsC/css03_data/CMIP6/CMIP/MOHC/UKESM1-0-LL/abrupt-4xCO2/r1i1p1f2/day/huss/gn/v20200703/huss_day_UKESM1-0-LL_abrupt-4xCO2_r1i1p1f2_gn_18500101-19491230.nc,1,1,1,2,r1i1p1f2,abrupt-4xCO2,huss,day,False
173,UKESM1-0-LL,huss_day_UKESM1-0-LL_abrupt-4xCO2_r1i1p1f2_gn_19500101-19991230.nc,https://esgf-data1.llnl.gov/thredds/fileServer/css03_data/CMIP6/CMIP/MOHC/UKESM1-0-LL/abrupt-4xCO2/r1i1p1f2/day/huss/gn/v20200703/huss_day_UKESM1-0-LL_abrupt-4xCO2_r1i1p1f2_gn_19500101-19991230.nc,https://esgf-data1.llnl.gov/thredds/dodsC/css03_data/CMIP6/CMIP/MOHC/UKESM1-0-LL/abrupt-4xCO2/r1i1p1f2/day/huss/gn/v20200703/huss_day_UKESM1-0-LL_abrupt-4xCO2_r1i1p1f2_gn_19500101-19991230.nc,1,1,1,2,r1i1p1f2,abrupt-4xCO2,huss,day,False
174,UKESM1-0-LL,huss_day_UKESM1-0-LL_abrupt-4xCO2_r1i1p1f2_gn_20000101-20491230.nc,https://esgf-data1.llnl.gov/thredds/fileServer/css03_data/CMIP6/CMIP/MOHC/UKESM1-0-LL/abrupt-4xCO2/r1i1p1f2/day/huss/gn/v20200703/huss_day_UKESM1-0-LL_abrupt-4xCO2_r1i1p1f2_gn_20000101-20491230.nc,https://esgf-data1.llnl.gov/thredds/dodsC/css03_data/CMIP6/CMIP/MOHC/UKESM1-0-LL/abrupt-4xCO2/r1i1p1f2/day/huss/gn/v20200703/huss_day_UKESM1-0-LL_abrupt-4xCO2_r1i1p1f2_gn_20000101-20491230.nc,1,1,1,2,r1i1p1f2,abrupt-4xCO2,huss,day,False
175,UKESM1-0-LL,huss_day_UKESM1-0-LL_abrupt-4xCO2_r1i1p1f2_gn_20500101-21491230.nc,https://esgf-data1.llnl.gov/thredds/fileServer/css03_data/CMIP6/CMIP/MOHC/UKESM1-0-LL/abrupt-4xCO2/r1i1p1f2/day/huss/gn/v20200703/huss_day_UKESM1-0-LL_abrupt-4xCO2_r1i1p1f2_gn_20500101-21491230.nc,https://esgf-data1.llnl.gov/thredds/dodsC/css03_data/CMIP6/CMIP/MOHC/UKESM1-0-LL/abrupt-4xCO2/r1i1p1f2/day/huss/gn/v20200703/huss_day_UKESM1-0-LL_abrupt-4xCO2_r1i1p1f2_gn_20500101-21491230.nc,1,1,1,2,r1i1p1f2,abrupt-4xCO2,huss,day,False
176,UKESM1-0-LL,tas_day_UKESM1-0-LL_abrupt-4xCO2_r1i1p1f2_gn_18500101-19491230.nc,https://esgf-data1.llnl.gov/thredds/fileServer/css03_data/CMIP6/CMIP/MOHC/UKESM1-0-LL/abrupt-4xCO2/r1i1p1f2/day/tas/gn/v20200703/tas_day_UKESM1-0-LL_abrupt-4xCO2_r1i1p1f2_gn_18500101-19491230.nc,https://esgf-data1.llnl.gov/thredds/dodsC/css03_data/CMIP6/CMIP/MOHC/UKESM1-0-LL/abrupt-4xCO2/r1i1p1f2/day/tas/gn/v20200703/tas_day_UKESM1-0-LL_abrupt-4xCO2_r1i1p1f2_gn_18500101-19491230.nc,1,1,1,2,r1i1p1f2,abrupt-4xCO2,tas,day,False
177,UKESM1-0-LL,tas_day_UKESM1-0-LL_abrupt-4xCO2_r1i1p1f2_gn_19500101-19991230.nc,https://esgf-data1.llnl.gov/thredds/fileServer/css03_data/CMIP6/CMIP/MOHC/UKESM1-0-LL/abrupt-4xCO2/r1i1p1f2/day/tas/gn/v20200703/tas_day_UKESM1-0-LL_abrupt-4xCO2_r1i1p1f2_gn_19500101-19991230.nc,https://esgf-data1.llnl.gov/thredds/dodsC/css03_data/CMIP6/CMIP/MOHC/UKESM1-0-LL/abrupt-4xCO2/r1i1p1f2/day/tas/gn/v20200703/tas_day_UKESM1-0-LL_abrupt-4xCO2_r1i1p1f2_gn_19500101-19991230.nc,1,1,1,2,r1i1p1f2,abrupt-4xCO2,tas,day,False
178,UKESM1-0-LL,tas_day_UKESM1-0-LL_abrupt-4xCO2_r1i1p1f2_gn_20000101-20491230.nc,https://esgf-data1.llnl.gov/thredds/fileServer/css03_data/CMIP6/CMIP/MOHC/UKESM1-0-LL/abrupt-4xCO2/r1i1p1f2/day/tas/gn/v20200703/tas_day_UKESM1-0-LL_abrupt-4xCO2_r1i1p1f2_gn_20000101-20491230.nc,https://esgf-data1.llnl.gov/thredds/dodsC/css03_data/CMIP6/CMIP/MOHC/UKESM1-0-LL/abrupt-4xCO2/r1i1p1f2/day/tas/gn/v20200703/tas_day_UKESM1-0-LL_abrupt-4xCO2_r1i1p1f2_gn_20000101-20491230.nc,1,1,1,2,r1i1p1f2,abrupt-4xCO2,tas,day,False
179,UKESM1-0-LL,tas_day_UKESM1-0-LL_abrupt-4xCO2_r1i1p1f2_gn_20500101-21491230.nc,https://esgf-data1.llnl.gov/thredds/fileServer/css03_data/CMIP6/CMIP/MOHC/UKESM1-0-LL/abrupt-4xCO2/r1i1p1f2/day/tas/gn/v20200703/tas_day_UKESM1-0-LL_abrupt-4xCO2_r1i1p1f2_gn_20500101-21491230.nc,https://esgf-data1.llnl.gov/thredds/dodsC/css03_data/CMIP6/CMIP/MOHC/UKESM1-0-LL/abrupt-4xCO2/r1i1p1f2/day/tas/gn/v20200703/tas_day_UKESM1-0-LL_abrupt-4xCO2_r1i1p1f2_gn_20500101-21491230.nc,1,1,1,2,r1i1p1f2,abrupt-4xCO2,tas,day,False
180,UKESM1-0-LL,huss_day_UKESM1-0-LL_abrupt-4xCO2_r1i1p1f2_gn_18500101-19491230.nc,http://aims3.llnl.gov/thredds/fileServer/css03_data/CMIP6/CMIP/MOHC/UKESM1-0-LL/abrupt-4xCO2/r1i1p1f2/day/huss/gn/v20190701/huss_day_UKESM1-0-LL_abrupt-4xCO2_r1i1p1f2_gn_18500101-19491230.nc,http://aims3.llnl.gov/thredds/dodsC/css03_data/CMIP6/CMIP/MOHC/UKESM1-0-LL/abrupt-4xCO2/r1i1p1f2/day/huss/gn/v20190701/huss_day_UKESM1-0-LL_abrupt-4xCO2_r1i1p1f2_gn_18500101-19491230.nc,1,1,1,2,r1i1p1f2,abrupt-4xCO2,huss,day,False
181,UKESM1-0-LL,huss_day_UKESM1-0-LL_abrupt-4xCO2_r1i1p1f2_gn_19500101-19991230.nc,http://aims3.llnl.gov/thredds/fileServer/css03_data/CMIP6/CMIP/MOHC/UKESM1-0-LL/abrupt-4xCO2/r1i1p1f2/day/huss/gn/v20190701/huss_day_UKESM1-0-LL_abrupt-4xCO2_r1i1p1f2_gn_19500101-19991230.nc,http://aims3.llnl.gov/thredds/dodsC/css03_data/CMIP6/CMIP/MOHC/UKESM1-0-LL/abrupt-4xCO2/r1i1p1f2/day/huss/gn/v20190701/huss_day_UKESM1-0-LL_abrupt-4xCO2_r1i1p1f2_gn_19500101-19991230.nc,1,1,1,2,r1i1p1f2,abrupt-4xCO2,huss,day,False
182,UKESM1-0-LL,tas_day_UKESM1-0-LL_abrupt-4xCO2_r1i1p1f2_gn_18500101-19491230.nc,http://aims3.llnl.gov/thredds/fileServer/css03_data/CMIP6/CMIP/MOHC/UKESM1-0-LL/abrupt-4xCO2/r1i1p1f2/day/tas/gn/v20190701/tas_day_UKESM1-0-LL_abrupt-4xCO2_r1i1p1f2_gn_18500101-19491230.nc,http://aims3.llnl.gov/thredds/dodsC/css03_data/CMIP6/CMIP/MOHC/UKESM1-0-LL/abrupt-4xCO2/r1i1p1f2/day/tas/gn/v20190701/tas_day_UKESM1-0-LL_abrupt-4xCO2_r1i1p1f2_gn_18500101-19491230.nc,1,1,1,2,r1i1p1f2,abrupt-4xCO2,tas,day,False
183,UKESM1-0-LL,tas_day_UKESM1-0-LL_abrupt-4xCO2_r1i1p1f2_gn_19500101-19991230.nc,http://aims3.llnl.gov/thredds/fileServer/css03_data/CMIP6/CMIP/MOHC/UKESM1-0-LL/abrupt-4xCO2/r1i1p1f2/day/tas/gn/v20190701/tas_day_UKESM1-0-LL_abrupt-4xCO2_r1i1p1f2_gn_19500101-19991230.nc,http://aims3.llnl.gov/thredds/dodsC/css03_data/CMIP6/CMIP/MOHC/UKESM1-0-LL/abrupt-4xCO2/r1i1p1f2/day/tas/gn/v20190701/tas_day_UKESM1-0-LL_abrupt-4xCO2_r1i1p1f2_gn_19500101-19991230.nc,1,1,1,2,r1i1p1f2,abrupt-4xCO2,tas,day,False
184,UKESM1-0-LL,tas_day_UKESM1-0-LL_abrupt-4xCO2_r1i1p1f2_gn_18500101-19491230.nc,http://esgf.nci.org.au/thredds/fileServer/replica/CMIP6/CMIP/MOHC/UKESM1-0-LL/abrupt-4xCO2/r1i1p1f2/day/tas/gn/v20200703/tas_day_UKESM1-0-LL_abrupt-4xCO2_r1i1p1f2_gn_18500101-19491230.nc,http://esgf.nci.org.au/thredds/dodsC/replica/CMIP6/CMIP/MOHC/UKESM1-0-LL/abrupt-4xCO2/r1i1p1f2/day/tas/gn/v20200703/tas_day_UKESM1-0-LL_abrupt-4xCO2_r1i1p1f2_gn_18500101-19491230.nc,1,1,1,2,r1i1p1f2,abrupt-4xCO2,tas,day,False
185,UKESM1-0-LL,tas_day_UKESM1-0-LL_abrupt-4xCO2_r1i1p1f2_gn_20500101-21491230.nc,http://esgf.nci.org.au/thredds/fileServer/replica/CMIP6/CMIP/MOHC/UKESM1-0-LL/abrupt-4xCO2/r1i1p1f2/day/tas/gn/v20200703/tas_day_UKESM1-0-LL_abrupt-4xCO2_r1i1p1f2_gn_20500101-21491230.nc,http://esgf.nci.org.au/thredds/dodsC/replica/CMIP6/CMIP/MOHC/UKESM1-0-LL/abrupt-4xCO2/r1i1p1f2/day/tas/gn/v20200703/tas_day_UKESM1-0-LL_abrupt-4xCO2_r1i1p1f2_gn_20500101-21491230.nc,1,1,1,2,r1i1p1f2,abrupt-4xCO2,tas,day,False
186,UKESM1-0-LL,tas_day_UKESM1-0-LL_piControl_r1i1p1f2_gn_28500101-29491230.nc,http://esgf.nci.org.au/thredds/fileServer/replica/CMIP6/CMIP/MOHC/UKESM1-0-LL/piControl/r1i1p1f2/day/tas/gn/v20191008/tas_day_UKESM1-0-LL_piControl_r1i1p1f2_gn_28500101-29491230.nc,http://esgf.nci.org.au/thredds/dodsC/replica/CMIP6/CMIP/MOHC/UKESM1-0-LL/piControl/r1i1p1f2/day/tas/gn/v20191008/tas_day_UKESM1-0-LL_piControl_r1i1p1f2_gn_28500101-29491230.nc,1,1,1,2,r1i1p1f2,piControl,tas,day,False
187,UKESM1-0-LL,tas_day_UKESM1-0-LL_piControl_r1i1p1f2_gn_29500101-30491230.nc,http://esgf.nci.org.au/thredds/fileServer/replica/CMIP6/CMIP/MOHC/UKESM1-0-LL/piControl/r1i1p1f2/day/tas/gn/v20191008/tas_day_UKESM1-0-LL_piControl_r1i1p1f2_gn_29500101-30491230.nc,http://esgf.nci.org.au/thredds/dodsC/replica/CMIP6/CMIP/MOHC/UKESM1-0-LL/piControl/r1i1p1f2/day/tas/gn/v20191008/tas_day_UKESM1-0-LL_piControl_r1i1p1f2_gn_29500101-30491230.nc,1,1,1,2,r1i1p1f2,piControl,tas,day,False
